brand,model_code,product_name,color,price_rm,copilot_support,processor_name,processor_brand,processor_ghz,cpu_benchmark,ram_gb,ram_type,display_type,display_resolution,display_size_inch,display_refresh_rate_hz,gpu_model,gpu_brand,gpu_benchmark,ssd_gb,ssd_type,io_ports,network,bluetooth,power_supply,battery_capacity_wh,dimension_cm,weight_kg,bundle,microsoft_office,warranty,release_year,expansion_slots,os,,,,,,,,
Asus,H7606W-PME038WS,ProArt P16,Nano Black,12999,1,AMD Ryzen AI 9 HX 370,AMD,2,35224,32,LPDDR5X,OLED,3840*2400,16,60,RTX 5070 Laptop GPU,NVIDIA,19960,2000,M.2 NVMe PCIe 4.0,1x USB 3.2 Gen 2 Type-C with support for display / power delivery (data speed up to 10Gbps); 1x USB 4.0 Gen 3 Type-C with support for display / power delivery (data speed up to 40Gbps); 2x USB 3.2 Gen 2 Type-A (data speed up to 10Gbps); 1x HDMI 2.1 FRL; 1x 3.5mm Combo Audio Jack; 1x DC-in; SD Express 7.0 card reader,Wi-Fi 7(802.11be) (Triple band) 2*2,5.4,"Rectangle Conn, 200W AC Adapter, Output: 20V 
DC, 10A, 200W, Input: 100~240V AC, 50/60Hz 
universal",90,35.49*24.69*1.49 ~ 1.73,1.85,Backpack,Microsoft Office Home & Student 2021 + Microsoft 365 Basic,2-year Global with 1st year Perfect Warranty,2025,-,Windows 11 Home,,,,,,,,
Asus," HN7306W-VLX028WMS;
 HN7306W-VLX028WSM",ProArt PX13,Nano Black,9999,1,AMD Ryzen AI 9 HX 370,AMD,2,35224,32,LPDDR5X,OLED,2880*1800,13.3,60,RTX 4060 Laptop GPU,NVIDIA,17439,1000,M.2 NVMe PCIe 4.0,1x USB 3.2 Gen 2 Type-A (data speed up to 10Gbps); 2x USB 4.0 Gen 3 Type-C with support for display / power delivery (data speed up to 40Gbps); 1x HDMI 2.1 FRL; 1x 3.5mm Combo Audio Jack; 1x DC-in; Micro SD 4.0 card reader,Wi-Fi 7(802.11be) (Triple band) 2*2,5.4,"Rectangle Conn, 200W AC Adapter, Output: 20V 
DC, 10A, 200W, Input: 100~240V AC, 50/60Hz 
universal",73,29.82*20.90.1.58 ~ 1.77,1.38,Backpack; Stylus (ASUS Pen SA203H-MPP2.0 support); USB-A to RJ45 gigabit ethernet adapter,Microsoft Office Home & Student 2021 + Microsoft 365 Basic,2-year Global with 1st year Perfect Warranty,2025,1x M.2 2230 PCIe 4.0*4,Windows 11 Home,,,,,,,,
Asus,HT5306Q-ALX018WMS; HT5306Q-ALX018WSM,ProArt PZ13,Nano Black,6999,1, Snapdragon® X Plus X1P-42-100,Snapdragon,3.2,18054,16,LPDDR5X,OLED,2880*1800,13.3,60,Qualcomm Adreno GPU,Qualcomm,1954,1000,M.2 NVMe PCIe 4.0,2x USB 4.0 Gen 3 Type-C with support for display / power delivery (data speed up to 40Gbps); SD Express 7.0 card reader,Wi-Fi 7(802.11be) (Triple band) 2*2,5.4,"TYPE-C, 65W AC Adapter, Output: 20V DC, 3.25A, 65W, Input: 100-240V AC 50/60GHz universal",70,29.75*20.29*0.9,0.85,Backpack; Micro SD adapter; Stand; Stylus (ASUS Pen SA203H-MPP2.0 support),Microsoft Office Home & Student 2021 + Microsoft 365 Basic,2-year Global with 1st year Perfect Warranty,2025,-,Windows 11 Home,,,,,,,,
Asus,UM5606W-ARJ107WMS; UM5606W-ARJ108WMS,Zenbook S16,Zumaia Gray; Scandinavian White,7999,1,AMD Ryzen AI 9 HX 370,AMD,2,35224,32,LPDDR5X,OLED,2880*1800,16,60,Radeon 890M,AMD,8235,1000,M.2 NVMe PCIe 4.0,"1x USB 3.2 Gen 2 Type-A (data speed up to 10Gbps); 2x USB 4.0 Gen 3 Type-C with support for display / power delivery (data speed up to 40Gbps); 1x HDMI 2.1 TMDS; 1x 3.5mm Combo Audio Jack
SD 4.0 card reader",Wi-Fi 7(802.11be) (Triple band) 2*2,5.4,"TYPE-C, 65W AC Ultra Mini Adapter, Output: 20V DC, 3.25A, 65W, Input: 100-240V AC 50/60GHz universal",78,35.36*24.30*1.19,1.5,Stylus (ASUS Pen SA203H-MPP2.0 support); USB-A to RJ45 gigabit ethernet adapter,Microsoft Office Home & Student  2024 + Microsoft 365 Basic,2-year Global with 1st year Perfect Warranty,2025,1x M.2 2230 PCIe 4.0*4,Windows 11 Home,,,,,,,,
Asus,UX5406S-APV208WMS; UX5406S-APV209WMS,Zenbook S14,Zumaia Gray; Scandinavian White,6999,1,Intel® Core Ultra 7 Processor 258V 32GB,Intel,2.2,19046,32,LPDDR5X,OLED,2880*1800,14,120,Intel Arc,Intel Arc,5506,1000,M.2 NVMe PCIe 4.0,1x USB 3.2 Gen 2 Type-A (data speed up to 10Gbps); 2x Thunderbolt™ 4 with support for display / power delivery (data speed up to 40Gbps); 1x HDMI 2.1 TMDS; 1x 3.5mm Combo Audio Jack,Wi-Fi 7(802.11be) (Triple band) 2*2,5.4,"TYPE-C, 65W AC Adapter, Output: 20V DC, 3.25A, 65W, Input: 100-240V AC 50/60GHz universal",72,31.03*21.47*1.19,1.2,Sleeve; USB-A to RJ45 gigabit ethernet adapter,Microsoft Office Home & Student  2024 + Microsoft 365 Basic,2-year Global with 1st year Perfect Warranty,2025,1x M.2 2280 PCIe 4.0*4,Windows 11 Home,,,,,,,,
Asus,UX3407R-AQD0326WS; UX3407R-AQD0328WS,Zenbook A14,Zabriskie Beige; Iceland Gray,5999,1,Snapdragon® X Elite X1E-78-100,Snapdragon,3.4,22867,32,LPDDR5X,OLED,1920*1080,14,60,Qualcomm Adreno GPU,Qualcomm,1954,1000,M.2 NVMe PCIe 4.0,1x USB 3.2 Gen 2 Type-A (data speed up to 10Gbps); 2x USB 4.0 Gen 3 Type-C with support for display / power delivery (data speed up to 40Gbps); 1x HDMI 2.1 TMDS; 1x 3.5mm Combo Audio Jack,Wi-Fi 7(802.11be) (Triple band) 2*2,5.4,"TYPE-C, 90W AC Adapter, Output 20V DC, 4.5A, 90W, Input: 100~240V AC 50/60Hz universal",70,31.07*21.39*1.34~1.59,0.98,Sleeve,Microsoft Office Home & Student  2024 + Microsoft 365 Basic,2-year Global with 1st year Perfect Warranty,2025,-,Windows 11 Home,,,,,,,,
Asus,UX3407Q-ASB0226WS; UX3407Q-ASB0228WS,Zenbook A14,Zabriskie Beige; Iceland Gray,4999,1,Snapdragon® X  X1-26-100,Snapdragon,2.97,16520,32,LPDDR5X,OLED,1920*1080,14,60,Qualcomm Adreno GPU,Qualcomm,1954,1000,M.2 NVMe PCIe 4.0,1x USB 3.2 Gen 2 Type-A (data speed up to 10Gbps); 2x USB 4.0 Gen 3 Type-C with support for display / power delivery (data speed up to 40Gbps); 1x HDMI 2.1 TMDS; 1x 3.5mm Combo Audio Jack,Wi-Fi 7(802.11be) (Triple band) 2*2,5.4,"TYPE-C, 65W AC Ultra Mini Adapter, Output: 20V DC, 3.25A, 65W, Input: 100-240V AC 50/60GHz universal, TYPE-C Cable: 240W",48,31.07*21.39*1.34~1.60,0.9,Sleeve,Microsoft Office Home & Student  2024 + Microsoft 365 Basic,2-year Global with 1st year Perfect Warranty,2025,-,Windows 11 Home,,,,,,,,
Asus,"UX3405C-APZ346WS
 UX3405C-APZ348WS",Zenbook 14,Foggy Silver; Ponder Blue,7399,0,Intel® Core Ultra 9 Processor 285H,Intel,2.9,34035,32,LPDDR5X,OLED,2880*1800,14,60,Intel Arc,Intel Arc,5506,1000,M.2 NVMe PCIe 4.0,1x USB 3.2 Gen 1 Type-A (data speed up to 5Gbps); 2x Thunderbolt 4 with support for display / power delivery (data speed up to 40Gbps); 1x HDMI 2.1 TMDS; 1x 3.5mm Combo Audio Jack,Wi-Fi 6E(802.11ax) (Triple band) 2*2,5.4,"TYPE-C, 65W AC Adapter, Output: 20V DC, 3.25A, 65W, Input: 100-240V AC 50/60GHz universal",75,31.24*22.01*1.49~1.49,1.28,Sleeve; USB-A to RJ45 gigabit ethernet adapter,Microsoft Office Home & Student  2024 + Microsoft 365 Basic,2-year Global with 1st year Perfect Warranty,2025,-,Windows 11 Home,,,,,,,,
Asus,"UX3405C-APZ146WS
 UX3405C-APZ148WS",Zenbook 14,Foggy Silver; Ponder Blue,4699,0,Intel® Core Ultra 5 Processor 225H,Intel,1.7,29055,16,LPDDR5X,OLED,2880*1800,14,60,Intel Arc,Intel Arc,5506,512,M.2 NVMe PCIe 4.0,1x USB 3.2 Gen 1 Type-A (data speed up to 5Gbps); 2x Thunderbolt 4 with support for display / power delivery (data speed up to 40Gbps); 1x HDMI 2.1 TMDS; 1x 3.5mm Combo Audio Jack,Wi-Fi 7(802.11be) (Triple band) 2*2,5.4,"TYPE-C, 65W AC Adapter, Output: 20V DC, 3.25A, 65W, Input: 100-240V AC 50/60GHz universal",75,31.24*22.01*1.49~1.49,1.28,Sleeve; USB-A to RJ45 gigabit ethernet adapter,Microsoft Office Home & Student  2024 + Microsoft 365 Basic,2-year Global with 1st year Perfect Warranty,2025,-,Windows 11 Home,,,,,,,,
Asus,UM3406K-AQD112WS,Zenbook 14,Jade Black,4399,1,AMD Ryzen AI 7 350 Processor,AMD,2,24526,16,LPDDR5X,OLED,1920*1200,14,60,Radeon Graphics,AMD,-,512,M.2 NVMe PCIe 4.0,"1x USB 3.2 Gen 1 Type-A (data speed up to 5Gbps); 1x USB 3.2 Gen 2 Type-C with support for display / power delivery (data speed up to 10Gbps; 1x USB 4.0 Gen 3 Type-C with support for display / 
power delivery (data speed up to 40Gbps); 1x HDMI 2.1 TMDS; 1x 3.5mm Combo Audio Jack",Wi-Fi 6E(802.11ax) (Triple band) 2*2,5.3,"TYPE-C, 65W AC Adapter, Output: 20V DC, 3.25A, 65W, Input: 100-240V AC 50/60GHz universal",75,31.24*22.01*1.49~1.49,1.2,Sleeve,Microsoft Office Home & Student  2024 + Microsoft 365 Basic,2-year Global with 1st year Perfect Warranty,2025,-,Windows 11 Home,,,,,,,,
Asus," M5606W-AMX077WMS
 M5606W-AMX078WMS",Vivobook S16,Cool Silver; Neutral Black,5199,1,AMD Ryzen AI 9 365 Processor,AMD,2,29882,24,LPDDR5X,OLED,3200*2000,16,60,Radeon 880M,AMD,7703,512,M.2 NVMe PCIe 4.0,1x USB 3.2 Gen 1 Type-C with support for display / power delivery (data speed up to 5Gbps); 1x USB 4.0 Gen 3 Type-C with support for display / power delivery (data speed up to 40Gbps); 2x USB 3.2 Gen 1 Type-A (data speed up to 5Gbps); 1x HDMI 2.1 TMDS; 1x 3.5mm Combo Audio Jack; Micro SD card reader,Wi-Fi 6E(802.11ax) (Triple band) 2*2,5.3,"TYPE-C, 90W AC Adapter, Output 20V DC, 4.5A, 90W, Input: 100~240V AC 50/60Hz universal",75,35.36*2469*1.39~1.59,1.5,-,Microsoft Office Home & Student  2024 + Microsoft 365 Basic,2-year Global with 1st year Perfect Warranty,2025,1x M.2 2280 PCIe 4.0x4,Windows 11 Home,,,,,,,,
Asus,"S5606M-AMX176WSM
S5606M-AMX178WSM",Vivobook S 16 OLED,Neutral Black; Blue,4299,0,Intel® Core Ultra 5 Processor 125H,Intel,1.2,20835,16,LPDDR5X,OLED,3200*2000,16,60,Intel Arc,Intel,5506,512,M.2 NVMe PCIe 4.0,2x USB 3.2 Gen 1 Type-A (data speed up to 5Gbps); 2x Thunderbolt 4 with support for display / power delivery (data speed up to 40Gbps); 1x HDMI 2.1 TMDS; 1x 3.5mm Combo Audio Jack; Micro SD card reader,Wi-Fi 6E(802.11ax) (Triple band) 2*2,5.3,"TYPE-C, 90W AC Adapter, Output 20V DC, 4.5A, 90W, Input: 100~240V AC 50/60Hz universal",75,35.36*24.69*1.39~1.59,1.5,Backpack,Microsoft Office Home & Student  2024 + Microsoft 365 Basic,2-year Global with 1st year Perfect Warranty,2025,1x M.2 2280 PCIe 4.0x4,Windows 11 Home,,,,,,,,
Asus,S5406S-AQD238WS,Vivobook S 14,Blue,5499,1,Intel® Core Ultra 7 Processor 258V 32GB,Intel,2.2,19046,32,LPDDR5X,OLED,1920*1200,14,60,Intel Arc,Intel,5506,1000,M.2 NVMe PCIe 4.0, 2x USB 3.2 Gen 1 Type-A (data speed up to 5Gbps); 2x Thunderbolt 4 with support for display / power delivery (data speed up to 40Gbps); 1x HDMI 2.1 TMDS; 1x 3.5mm Combo Audio Jack; Micro SD card reader,Wi-Fi 7(802.11be) (Triple band) 2*2,5.4,"TYPE-C, 65W AC Adapter, Output: 20V DC, 3.25A, 65W, Input: 100-240V AC 50/60GHz universal",75,31.52*24.69*1.39~1.59,1.3,Backpack,Microsoft Office Home & Student  2024 + Microsoft 365 Basic,2-year Global with 1st year Perfect Warranty,2025,-,Windows 11 Home,,,,,,,,
Asus," M5406W-AQD087WSM
 M5406W-AQD088WSM",Vivobook S14,Cool Silver; Neutral Black,4999,1,AMD Ryzen AI 9 365 Processor,AMD,2,29882,24,LPDDR5X,OLED,1920*1200,14,60,Radeon 880M,AMD,7703,512,M.2 NVMe PCIe 4.0,1x USB 3.2 Gen 1 Type-C with support for display / power delivery (data speed up to 5Gbps); 1x USB 4.0 Gen 3 Type-C with support for display / power delivery (data speed up to 40Gbps); 2x USB 3.2 Gen 1 Type-A (data speed up to 5Gbps); 1x HDMI 2.1 TMDS; 1x 3.5mm Combo Audio Jack; Micro SD card reader,Wi-Fi 6E(802.11ax) (Triple band) 2*2,5.3,"TYPE-C, 90W AC Adapter, Output 20V DC, 4.5A, 90W, Input: 100~240V AC 50/60Hz universal",75,31.52*22.34*1.59~1.79,1.3,Backpack,Microsoft Office Home & Student  2024 + Microsoft 365 Basic,2-year Global with 1st year Perfect Warranty,2025,-,Windows 11 Home,,,,,,,,
Asus,"S5406M-AQD226WSM
 S5406M-AQD228WSM",Vivobook S14 OLED, Neutral Black; Blue,4599,0,Intel® Core Ultra 7 Processor 155H,Intel,1.4,24823,16,LPDDR5X,OLED,1920*1200,14,60,Intel Arc,Intel,5506,512,M.2 NVMe PCIe 4.0,2x USB 3.2 Gen 1 Type-A (data speed up to 5Gbps); 2x Thunderbolt 4 with support for display / power delivery (data speed up to 40Gbps); 1x HDMI 2.1 TMDS; 1x 3.5mm Combo Audio Jack; Micro SD card reader,Wi-Fi 6E(802.11ax) (Triple band) 2*2,5.3," TYPE-C, 90W AC Adapter, Output 20V DC, 4.5A, 90W, Input: 100~240V AC 50/60Hz universal",75,31.05*22.19*1.39~1.59,1.3,Backpack,Microsoft Office Home & Student  2024 + Microsoft 365 Basic,2-year Global with 1st year Perfect Warranty,2025,-,Windows 11 Home,,,,,,,,
Asus, S5406S-AQD138WS,Vivobook S14,Blue,4599,1,Intel® Core Ultra 5 Processor 226V 16GB,Intel,2.1,18457,16,LPDDR5X,OLED,1920*1200,14,60,Intel Arc,Intel,5506,512,M.2 NVMe PCIe 4.0,2x USB 3.2 Gen 1 Type-A (data speed up to 5Gbps); 2x Thunderbolt 4 with support for display / power delivery (data speed up to 40Gbps); 1x HDMI 2.1 TMDS; 1x 3.5mm Combo Audio Jack; Micro SD card reader,Wi-Fi 7(802.11be) (Triple band) 2*2,5.4,"TYPE-C, 65W AC Adapter, Output: 20V DC, 3.25A, 65W, Input: 100-240V AC 50/60GHz universal",75,31.05*22.19*1.39~1.59,1.3,Backpack,Microsoft Office Home & Student  2024 + Microsoft 365 Basic,2-year Global with 1st year Perfect Warranty,2025,-,Windows 11 Home,,,,,,,,
Asus,"S5406M-AQD126WSM
S5406M-AQD128WSM",Vivobook S14 OLED, Neutral Black; Blue,3999,0,Intel® Core Ultra 5 Processor 125H,Intel,1.2,20835,16,LPDDR5X,OLED,1920*1200,14,60,Intel Arc,Intel,5506,512,M.2 NVMe PCIe 4.0,2x USB 3.2 Gen 1 Type-A (data speed up to 5Gbps); 2x Thunderbolt 4 with support for display / power delivery (data speed up to 40Gbps); 1x HDMI 2.1 TMDS; 1x 3.5mm Combo Audio Jack; Micro SD card reader,Wi-Fi 6E(802.11ax) (Triple band) 2*2,5.3,"TYPE-C, 90W AC Adapter, Output 20V DC, 4.5A, 90W, Input: 100~240V AC 50/60Hz universal",75,31.05*22.19*1.39~1.59,1.3,Backpack,Microsoft Office Home & Student  2024 + Microsoft 365 Basic,2-year Global with 1st year Perfect Warranty,2025,-,Windows 11 Home,,,,,,,,
Asus,"S3607V-ARP168WS
S3607V-ARP166WS",Vivobook S16,Cool Silver; Matte Gray,3199,0,Intel® Core i5-13420H Processor,Intel,2.1,17363,16,DDR5,OLED,1920*1200,16,60,Intel UHD,Intel,1503,1000,M.2 NVMe PCIe 4.0,2x USB 3.2 Gen 1 Type-A (data speed up to 5Gbps); 2x USB 3.2 Gen 1 Type-C with support for display / power delivery (data speed up to 5Gbps); 1x HDMI 2.1 TMDS; 1x 3.5mm Combo Audio Jack,Wi-Fi 6(802.11ax) (Dual band) 2*2,5.3,"TYPE-C, 65W AC Adapter, Output: 20V DC, 3.25A, 65W, Input: 100-240V AC 50/60GHz universal",70,35.70*25.06*1.59~1.87,1.8,Backpack,Microsoft Office Home & Student  2024 + Microsoft 365 Basic,2-year Global with 1st year Perfect Warranty,2025,1x DDR5 SO-DIMM slot; 1x M.2 2280 PCIe 4.0x4,Windows 11 Home,,,,,,,,
Asus,"S3407C-ALY136WS
S3407C-ALY138WS",Vivobook S14,Cool Silver; Matte Gray,4099,0,Intel® Core Ultra 7  255H Processor,Intel,2,30827,16,DDR5,OLED,1920*1200,14,60,Intel Arc,Intel,5506,1000,M.2 NVMe PCIe 4.0,2x USB 3.2 Gen 1 Type-A (data speed up to 5Gbps); 2x USB 3.2 Gen 1 Type-C with support for display / power delivery (data speed up to 5Gbps); 1x HDMI 1.4; 1x 3.5mm Combo Audio Jack,Wi-Fi 6(802.11ax) (Dual band) 2*2,5.3,"TYPE-C, 65W AC Adapter, Output: 20V DC, 3.25A, 65W, Input: 100-240V AC 50/60GHz universal",70,31.52*22.34*1.59~1.79,1.4,Backpack,Microsoft Office Home & Student  2024 + Microsoft 365 Basic,2-year Global with 1st year Perfect Warranty,2025,1x DDR5 SO-DIMM slot; 1x M.2 2280 PCIe 4.0x4,Windows 11 Home,,,,,,,,
Asus,"M3407K-ASF156WS
M3407K-ASF158WS",Vivobook S14,Cool Silver; Matte Gray,3999,1,AMD Ryzen AI 7 350 Processor,AMD,2,24526,16,DDR5,OLED,1920*1200,14,60,Radeon Graphics,AMD,-,1000,M.2 NVMe PCIe 4.0,2x USB 3.2 Gen 1 Type-A (data speed up to 5Gbps); 2x USB 3.2 Gen 1 Type-C with support for display / power delivery (data speed up to 5Gbps); 1x HDMI 2.1 TMDS; 1x 3.5mm Combo Audio Jack,Wi-Fi 6(802.11ax) (Dual band) 2*2,5.3,"TYPE-C, 65W AC Adapter, Output: 20V DC, 3.25A, 65W, Input: 100-240V AC 50/60GHz universal",70,31.52*22.34*1.59~1.96,1.4,Backpack,Microsoft Office Home & Student  2024 + Microsoft 365 Basic,2-year Global with 1st year Perfect Warranty,2025,1x DDR5 SO-DIMM slot; 1x M.2 2280 PCIe 4.0x4,Windows 11 Home,,,,,,,,
Asus," S3407V-ARP266WS
 S3407V-ARP268WS",Vivobook S14,Cool Silver; Matte Gray,3299,0,Intel® Core 5 Processor 210H,Intel,2.2,18904,16,DDR5,LCD,1920*1200,14,60,Intel UHD,Intel,1503,1000,M.2 NVMe PCIe 4.0,2x USB 3.2 Gen 1 Type-A (data speed up to 5Gbps); 2x USB 3.2 Gen 1 Type-C with support for display / power delivery (data speed up to 5Gbps); 1x HDMI 1.4; 1x 3.5mm Combo Audio Jack,Wi-Fi 6(802.11ax) (Dual band) 2*2,5.3,"TYPE-C, 65W AC Adapter, Output: 20V DC, 3.25A, 65W, Input: 100-240V AC 50/60GHz universal",70,31.52*22.34*1.59~1.79,1.4,Backpack,Microsoft Office Home & Student  2024 + Microsoft 365 Basic,2-year Global with 1st year Perfect Warranty,2025,-,Windows 11 Home,,,,,,,,
Asus,"S3407V-ALY066WS
 S3407V-ALY068WS",Vivobook S14,Cool Silver; Matte Gray,3199,0,Intel® Core i5-13420H Processor,Intel,2.1,17363,16,DDR5,LCD,1920*1200,14,60,Intel UHD,Intel,1503,1000,M.2 NVMe PCIe 4.0,2x USB 3.2 Gen 1 Type-A (data speed up to 5Gbps); 2x USB 3.2 Gen 1 Type-C with support for display / power delivery (data speed up to 5Gbps); 1x HDMI 1.4; 1x 3.5mm Combo Audio Jack,Wi-Fi 6(802.11ax) (Dual band) 2*2,5.3,"TYPE-C, 65W AC Adapter, Output: 20V DC, 3.25A, 65W, Input: 100-240V AC 50/60GHz universal",70,31.52*22.34*1.59~1.79,1.39,Backpack,Microsoft Office Home & Student  2024 + Microsoft 365 Basic,2-year Global with 1st year Perfect Warranty,2024,-,Windows 11 Home,,,,,,,,
Asus,TP3607S-ARJ128WS,Vivobook 16 Flip,Matte Gray,6099,1, Intel® Core Ultra 7 Processor 258V 32GB,Intel,2.2,19046,32,LPDDR5X,OLED,1920*1200,16,60,Intel Arc,Intel,5506,1000,M.2 NVMe PCIe 4.0,1x USB 3.2 Gen 1 Type-A (data speed up to 5Gbps); 1x USB 3.2 Gen 2 Type-C with support for display / power delivery (data speed up to 20Gbps); 1x Thunderbolt 4 with support for display / power delivery (data speed up to 40Gbps); 1x HDMI 2.1 TMDS; 1x 3.5mm Combo Audio Jack; Micro SD card reader,Wi-Fi 7(802.11be) (Triple band) 2*2,5.4,"TYPE-C, 65W AC Adapter, Output: 20V DC, 3.25A, 65W, Input: 100-240V AC 50/60GHz universal",75,35.50*24.43*1.69~1.74,1.76,Stylus (ASUS Pen SA203H-MPP2.0 support); Backpack,Microsoft Office Home & Student  2024 + Microsoft 365 Basic,2-year Global with 1st year Perfect Warranty,2025,1x M.2 2280 PCIe 4.0x4,Windows 11 Home,,,,,,,,
Asus,TP3407S-AQL028WS,Vivobook 14 Flip,Matte Gray,5999,1, Intel® Core Ultra 7 Processor 258V 32GB,Intel,2.2,19046,32,LPDDR5X,OLED,1920*1200,14,60,Intel Arc,Intel,5506,1000,M.2 NVMe PCIe 4.0,1x USB 3.2 Gen 1 Type-A (data speed up to 5Gbps); 1x USB 3.2 Gen 2 Type-C with support for display / power delivery (data speed up to 20Gbps); 1x Thunderbolt 4 with support for display / power delivery (data speed up to 40Gbps); 1x HDMI 2.1 TMDS; 1x 3.5mm Combo Audio Jack; Micro SD card reader,Wi-Fi 7(802.11be) (Triple band) 2*2,5.4,"TYPE-C, 65W AC Adapter, Output: 20V DC, 3.25A, 65W, Input: 100-240V AC 50/60GHz universal",70,31.26*22.09*1.69~171,1.57,Stylus (ASUS Pen SA203H-MPP2.0 support); Backpack,Microsoft Office Home & Student  2024 + Microsoft 365 Basic,2-year Global with 1st year Perfect Warranty,2025,,Windows 11 Home,,,,,,,,
Asus,"TN3402Y-AKN206WSM
 TN3402Y-AKN216WSM",Vivobook S14 Flip OLED, Cool Silver; Quiet Blue,4199,0, AMD Ryzen 7 7730U Processor,AMD,2,17906,16,DDR4,OLED,2880*1800,14,60,Radeon Graphics,AMD,-,512,M.2 NVMe PCIe 3.0,"1x USB 2.0 Type-A (data speed up to 480Mbps); 1x USB 3.2 Gen 2 Type-A (data speed up to 10Gbps); 1x USB 3.2 Gen 2 Type-C with support for display / 
power delivery (data speed up to 10Gbps); 1x HDMI 2.1 TMDS; 1x 3.5mm Combo Audio Jack; 1x DC-in",Wi-Fi 6E(802.11ax) (Triple band) 2*2,5.3," ø4.5, 65W AC Adapter, Output: 19V DC, 3.42A, 65W, Input: 100~240V AC 50/60Hz universal",70,31.32*22.76*1.89~1.89,1.5,Backpack; Stylus (ASUS Pen SA200H-MPP1.51 support); USB-A to RJ45 gigabit ethernet adapter,Microsoft Office Home & Student  2024 + Microsoft 365 Basic,2-year Global with 1st year Perfect Warranty,2024,,Windows 11 Home,,,,,,,,
Asus, TP3402V-ALZ636WS,Vivobook S14 Flip,Quiet Blue,3599,0,Intel® Core i5-13420H Processor ,Intel,2.1,17363,16,DDR4,LCD,1920*1200,14,60,Intel UHD,Intel,1503,512,M.2 NVMe PCIe 3.0,"1x USB 2.0 Type-A (data speed up to 480Mbps); 1x USB 3.2 Gen 2 Type-A (data speed up to 10Gbps); 1x USB 3.2 Gen 2 Type-C with support for display / 
power delivery (data speed up to 10Gbps); 1x HDMI 2.1 TMDS; 1x 3.5mm Combo Audio Jack; 1x DC-in",Wi-Fi 6E(802.11ax) (Triple band) 2*2,5.3,"ø4.5, 90W AC Adapter, Output: 19V DC, 4.74A, 90W, Input: 100~240V AC 50/60Hz universal",50,31.32*22.76*1.89~1.89,1.5,Backpack; Stylus (ASUS Pen SA200H-MPP1.51 support),Microsoft Office Home & Student  2024 + Microsoft 365 Basic,2-year Global with 1st year Perfect Warranty,2024,,Windows 11 Home,,,,,,,,
Asus,"TN3402Y-ALZ309WSM
 TN3402Y-ALZ319WSM",Vivobook S14 Flip,Cool Silver; Quiet Blue,3499,0,AMD Ryzen 5 7430U Processor,AMD,2.3,16330,16,DDR4,LCD,1920*1200,14,60,Radeon Graphics,AMD,-,512,M.2 NVMe PCIe 3.0,"1x USB 2.0 Type-A (data speed up to 480Mbps); 1x USB 3.2 Gen 2 Type-A (data speed up to 10Gbps); 1x USB 3.2 Gen 2 Type-C with support for display / 
power delivery (data speed up to 10Gbps); 1x HDMI 2.1 TMDS; 1x 3.5mm Combo Audio Jack; 1x DC-in",Wi-Fi 6E(802.11ax) (Triple band) 2*2,5.3,"ø4.5, 45W AC Adapter, Output: 19V DC, 2.37A, 45W, Input: 100~240V AC 50/60Hz universal",50,31.32*22.76*1.89~1.89,1.5,Backpack; Stylus (ASUS Pen SA200H-MPP1.51 support); USB-A to RJ45 gigabit ethernet adapter,Microsoft Office Home & Student  2024 + Microsoft 365 Basic,2-year Global with 1st year Perfect Warranty,2024,,Windows 11 Home,,,,,,,,
Asus," A1704V-AAU012WMS
 A1704V-AAU012WSM",Vivobook 17,Quiet Blue,3999,0,Intel® Core 7 Processor 150U,Intel,1.8,15041,16,DDR4,LCD,1920*1080,17.3,60,Intel Graphics,Intel,3172,1000,M.2 NVMe PCIe 4.0,1x USB 2.0 Type-A (data speed up to 480Mbps); 1x USB 3.2 Gen 1 Type-C (data speed up to 5Gbps); 2x USB 3.2 Gen 1 Type-A (data speed up to 5Gbps); 1x HDMI 1.4; 1x 3.5mm Combo Audio Jack; 1x DC-in,Wi-Fi 6(802.11ax) (Dual band) 1*1,5.2," ø4.5, 45W AC Adapter, Output: 19V DC, 2.37A, 45W, Input: 100~240V AC 50/60Hz universal",50,39.93*25.43*1.99~1.99,2.1,Carry Bag,Microsoft Office Home & Student  2024 + Microsoft 365 Basic,2-year Global with 1st year Perfect Warranty,2023,-,Windows 11 Home,,,,,,,,
Asus,"A1605V-APB045WMS
A1605V-APB045WSM",Vivobook 16,Indie Black,3999,0, Intel® Core 7 Processor 150U,Intel,1.8,15041,16,DDR4,LCD,1920*1200,16,60,Intel Graphics,Intel,3172,1000,M.2 NVMe PCIe 4.0,1x USB 2.0 Type-A (data speed up to 480Mbps); 1x USB 3.2 Gen 1 Type-C with support for power delivery (data speed up to 5Gbps); 2x USB 3.2 Gen 1 Type-A (data speed up to 5Gbps); 1x HDMI 1.4; 1x 3.5mm Combo Audio Jack; 1x DC-in,Wi-Fi 6(802.11ax) (Dual band) 1*1,5.2," ø4.5, 45W AC Adapter, Output: 19V DC, 2.37A, 45W, Input: 100~240V AC 50/60Hz universal",42,35.87*24.95*1.99~1.99,1.88,Backpack,Microsoft Office Home & Student  2024 + Microsoft 365 Basic,2-year Global with 1st year Perfect Warranty,2023,-,Windows 11 Home,,,,,,,,
Asus," A1605V-APB046WMS
 A1605V-APB046WSM",Vivobook 16, Cool Silver,3999,0, Intel® Core 7 Processor 150U,Intel,1.8,15041,16,DDR4,LCD,1920*1200,16,60,Intel Graphics,Intel,3172,1000,M.2 NVMe PCIe 4.0,1x USB 2.0 Type-A (data speed up to 480Mbps); 1x USB 3.2 Gen 1 Type-C with support for power delivery (data speed up to 5Gbps); 2x USB 3.2 Gen 1 Type-A (data speed up to 5Gbps); 1x HDMI 1.4; 1x 3.5mm Combo Audio Jack; 1x DC-in,Wi-Fi 6(802.11ax) (Dual band) 1*1,5.2,"ø4.5, 45W AC Adapter, Output: 19V DC, 2.37A, 45W, Input: 100~240V AC 50/60Hz universal",42,35.87*24.95*1.99~1.99,1.88,Backpack,Microsoft Office Home & Student  2024 + Microsoft 365 Basic,2-year Global with 1st year Perfect Warranty,2024,-,Windows 11 Home,,,,,,,,
Asus,"M1607K-AMB073WS
M1607K-AMB075WS",Vivobook 16, Cool Silver; Quiet Blue,3499,1,AMD Ryzen AI 7 350 Processor,AMD,2,24526,16,DDR4,LCD,1920*1200,16,60,Radeon Graphics,AMD,-,512,M.2 NVMe PCIe 4.0,2x USB 3.2 Gen 1 Type-A (data speed up to 5Gbps); 2x USB 3.2 Gen 1 Type-C with support for display / power delivery (data speed up to 5Gbps); 1x HDMI 2.1 TMDS; 1x 3.5mm Combo Audio Jack,Wi-Fi 6(802.11ax) (Dual band) 1*1,5.2,"TYPE-C, 65W AC Adapter, Output: 20V DC, 3.25A, 65W, Input: 100-240V AC 50/60GHz universal",42,35.70*25.06*1.79~1.99,1.88,Backpack,Microsoft Office Home & Student  2024 + Microsoft 365 Basic,2-year Global with 1st year Perfect Warranty,2024,-,Windows 11 Home,,,,,,,,
Asus,"A1607C-AMB222WS
A1607C-AMB223WS",Vivobook 16, Cool Silver; Quiet Blue,3399,0,Intel® Core Ultra 5 Processor 225H,Intel,1.7,29055,16,DDR4,LCD,1920*1200,16,60,Intel Graphics,Intel,3172,512,M.2 NVMe PCIe 4.0,2x USB 3.2 Gen 1 Type-A (data speed up to 5Gbps); 2x USB 3.2 Gen 1 Type-C with support for display / power delivery (data speed up to 5Gbps); 1x HDMI 1.4; 1x 3.5mm Combo Audio Jack,Wi-Fi 6(802.11ax) (Dual band) 1*1 ,5.2,"TYPE-C, 65W AC Adapter, Output: 20V DC, 3.25A, 65W, Input: 100-240V AC 50/60GHz universal",42,35.70*25.06*1.79~1.99,1.88,Backpack,Microsoft Office Home & Student  2024 + Microsoft 365 Basic,2-year Global with 1st year Perfect Warranty,2024,-,Windows 11 Home,,,,,,,,
Asus," A1605V-AMB2255WS
 A1605V-AMB2256WS",Vivobook 16, Indie Black ; Cool Silver,3299,0,Intel® Core i7-13620H Processor,Intel,2.4,23966,16,DDR4,LCD,1920*1200,16,60,Intel UHD,Intel,1503,512,M.2 NVMe PCIe 4.0,1x USB 2.0 Type-A (data speed up to 480Mbps); 1x USB 3.2 Gen 1 Type-C with support for power delivery (data speed up to 5Gbps);  2x USB 3.2 Gen 1 Type-A (data speed up to 5Gbps); 1x HDMI 1.4; 1x 3.5mm Combo Audio Jack; 1x DC-in,Wi-Fi 6E(802.11ax) (Dual band) 1*1,5.3,"ø4.5, 65W AC Adapter, Output: 19V DC, 3.42A, 65W, Input: 100~240V AC 50/60Hz universal",42,35.87*24.95*1.99~1.99,1.88,Backpack,Microsoft Office Home & Student  2024 + Microsoft 365 Basic,2-year Global with 1st year Perfect Warranty,2024,-,Windows 11 Home,,,,,,,,
Asus,"A1605V-AMB687WS
A1605V-AMB688WS",Vivobook 16, Cool Silver; Indie Black,3299,0,Intel® Core i7-1355U Processor,Intel,1.7,14201,16,DDR4,LCD,1920*1200,16,60,Iris X Graphics,Intel,2630,512,M.2 NVMe PCIe 3.0,1x USB 2.0 Type-A (data speed up to 480Mbps); 1x USB 3.2 Gen 1 Type-C with support for power delivery (data speed up to 5Gbps); 2x USB 3.2 Gen 1 Type-A (data speed up to 5Gbps); 1x HDMI 1.4; 1x 3.5mm Combo Audio Jack; 1x DC-in,Wi-Fi 6E(802.11ax) (Triple band) 2*2,5.3," ø4.5, 45W AC Adapter, Output: 19V DC, 2.37A, 45W, Input: 100~240V AC 50/60Hz universal",42,35.87*24.95*1.99~1.99,1.88,Backpack,Microsoft Office Home & Student  2024 + Microsoft 365 Basic,2-year Global with 1st year Perfect Warranty,2024,-,Windows 11 Home,,,,,,,,
Asus,"M1605Y-AMB423WMS
M1605Y-AMB424WMS",Vivobook 16, Cool Silver; Indie Black,3099,0,AMD Ryzen 7 7730U Processor,AMD,2,17906,16,DDR4,LCD,1920*1200,16,60,Radeon Graphics,AMD,-,512,M.2 NVMe PCIe 3.0,1x USB 2.0 Type-A (data speed up to 480Mbps); 1x USB 3.2 Gen 1 Type-C with support for power delivery (data speed up to 5Gbps); 2x USB 3.2 Gen 1 Type-A (data speed up to 5Gbps); 1x HDMI 1.4; 1x 3.5mm Combo Audio Jack; 1x DC-in, Wi-Fi 6E(802.11ax) (Triple band) 2*2,5.3,"ø4.5, 45W AC Adapter, Output: 19V DC, 2.37A, 45W, Input: 100~240V AC 50/60Hz universal",42,35.87*24.95*1.99~1.99,1.88,Backpack,Microsoft Office Home & Student  2024 + Microsoft 365 Basic,2-year Global with 1st year Perfect Warranty,2024,-,Windows 11 Home,,,,,,,,
Asus,A1605V-APMB035WMS A1605V-APMB036WMS,Vivobook 16, Cool Silver; Indie Black,2949,0,Intel® Core 5 Processor 120U,Intel,1.4,16613,16,DDR4,LCD,1920*1200,16,60,Intel Graphics,Intel,3172,512,M.2 NVMe PCIe 4.0,1x USB 2.0 Type-A (data speed up to 480Mbps); 1x USB 3.2 Gen 1 Type-C with support for power delivery (data speed up to 5Gbps); 2x USB 3.2 Gen 1 Type-A (data speed up to 5Gbps); 1x HDMI 1.4; 1x 3.5mm Combo Audio Jack; 1x DC-in,Wi-Fi 6(802.11ax) (Dual band) 1*1,5.2,"ø4.5, 45W AC Adapter, Output: 19V DC, 2.37A, 45W, Input: 100~240V AC 50/60Hz universal",42,35.87*24.95*1.99~1.99,1.88,Backpack,Microsoft Office Home & Student  2024 + Microsoft 365 Basic,2-year Global with 1st year Perfect Warranty,2023,-,Windows 11 Home,,,,,,,,
Asus,"A1605V-AMB2288WS
A1605V-AMB2289WS",Vivobook 16, Indie Black; Cool Silver,2599,0,Intel® Core i5-13420H Processor,Intel,2.1,17363,16,DDR4,LCD,1920*1200,16,60,Intel UHD,Intel,1503,512,M.2 NVMe PCIe 3.0,1x USB 2.0 Type-A (data speed up to 480Mbps); 1x USB 3.2 Gen 1 Type-C with support for power delivery (data speed up to 5Gbps); 2x USB 3.2 Gen 1 Type-A (data speed up to 5Gbps); 1x HDMI 1.4; 1x 3.5mm Combo Audio Jack; 1x DC-in,Wi-Fi 6E(802.11ax) (Triple band) 2*2,5.3,"ø4.5, 65W AC Adapter, Output: 19V DC, 3.42A, 65W, Input: 100~240V AC 50/60Hz universal",42,35.87*24.95*1.99~1.99,1.88,Backpack,Microsoft Office Home & Student  2024 + Microsoft 365 Basic,2-year Global with 1st year Perfect Warranty,2024,-,Windows 11 Home,,,,,,,,
Asus,"A1605V-AMB9088WS
A1605V-AMB9089WS",Vivobook 16, Indie Black; Cool Silver,2599,0,Intel® Core i5-13420H Processor,Intel,2.1,17363,16,DDR4,LCD,1920*1200,16,60,Intel UHD,Intel,1503,512,M.2 NVMe PCIe 4.0,1x USB 2.0 Type-A (data speed up to 480Mbps); 1x USB 3.2 Gen 1 Type-C with support for power delivery (data speed up to 5Gbps); 2x USB 3.2 Gen 1 Type-A (data speed up to 5Gbps); 1x HDMI 1.4; 1x 3.5mm Combo Audio Jack; 1x DC-in,Wi-Fi 6E(802.11ax) (Triple band) 2*2,5.3,"ø4.5, 65W AC Adapter, Output: 19V DC, 3.42A, 65W, Input: 100~240V AC 50/60Hz universal",42,35.87*24.95*1.99~1.99,1.88,Backpack,Microsoft Office Home & Student  2024 + Microsoft 365 Basic,2-year Global with 1st year Perfect Warranty,2024,-,Windows 11 Home,,,,,,,,
Asus," A1605Z-AMB2141WMS
 A1605Z-AMB2153WMS",Vivobook 16,Indie Black; Transparent Silver,2499,0,Intel® Core i5-12500H Processor,Intel,2.5,20548,16,DDR4,LCD,1920*1200,16,60,Iris X Graphics,Intel,2630,512,M.2 NVMe PCIe 4.0,1x USB 2.0 Type-A; 1x USB 3.2 Gen 1 Type-C; 2x USB 3.2 Gen 1 Type-A; 1x HDMI 1.4; 1x 3.5mm Combo Audio Jack; 1x DC-in,Wi-Fi 6(802.11ax) (Dual band) 2*2,5.3,"ø4.5, 65W AC Adapter, Output: 19V DC, 3.42A, 65W, Input: 100~240V AC 50/60Hz universal",42,35.70*25.06*1.79~1.99,1.88,Backpack,Microsoft Office Home & Student  2024 + Microsoft 365 Basic,2-year Global with 1st year Perfect Warranty,2024,-,Windows 11 Home,,,,,,,,
Asus,"M1605Y-AMB810WMS
M1605Y-AMB811WMS",Vivobook 16,Indie Black; Cool Silver,2399,0,AMD Ryzen 5 7430U Processor,AMD,2.3,16330,16,DDR4,LCD,1920*1200,16,60,Radeon Graphics,AMD,-,512,M.2 NVMe PCIe 4.0,1x USB 2.0 Type-A (data speed up to 480Mbps); 1x USB 3.2 Gen 1 Type-C with support for power delivery (data speed up to 5Gbps); 2x USB 3.2 Gen 1 Type-A (data speed up to 5Gbps); 1x HDMI 1.4; 1x 3.5mm Combo Audio Jack; 1x DC-in,Wi-Fi 6E(802.11ax) (Triple band) 2*2,5.3,"ø4.5, 65W AC Adapter, Output: 19V DC, 3.42A, 65W, Input: 100~240V AC 50/60Hz universal",42,35.87*24.95*1.99~1.99,1.88,Backpack,Microsoft Office Home & Student  2024 + Microsoft 365 Basic,2-year Global with 1st year Perfect Warranty,2024,-,Windows 11 Home,,,,,,,,
Asus, A1404V-APB012WMS,Vivobook 14,Terra Cotta,3999,0,Intel® Core 7 Processor 150U,Intel,1.8,15041,16,DDR4,LCD,1920*1200,14,60,Intel Graphics,Intel,3172,1000,M.2 NVMe PCIe 4.0,1x USB 2.0 Type-A (data speed up to 480Mbps); 1x USB 3.2 Gen 1 Type-C (data speed up to 5Gbps); 2x USB 3.2 Gen 1 Type-A (data speed up to 5Gbps); 1x HDMI 1.4; 1x 3.5mm Combo Audio Jack; 1x DC-in,Wi-Fi 6(802.11ax) (Dual band) 1*1,5.2,"ø4.5, 65W AC Adapter, Output: 19V DC, 3.42A, 65W, Input: 100~240V AC 50/60Hz universal",42,32.49*21.39*1.79~1.79,1.4,Backpack,Microsoft Office Home & Student  2024 + Microsoft 365 Basic,2-year Global with 1st year Perfect Warranty,2024,-,Windows 11 Home,,,,,,,,
Asus,A1404V-APB012WSM,Vivobook 14,Terra Cotta,3999,0,Intel® Core 7 Processor 150U,Intel,1.8,15041,16,DDR4,LCD,1920*1200,14,60,Intel Graphics,Intel,3172,1000,M.2 NVMe PCIe 4.0,1x USB 2.0 Type-A (data speed up to 480Mbps); 1x USB 3.2 Gen 1 Type-C (data speed up to 5Gbps); 2x USB 3.2 Gen 1 Type-A (data speed up to 5Gbps); 1x HDMI 1.4; 1x 3.5mm Combo Audio Jack; 1x DC-in,Wi-Fi 6(802.11ax) (Dual band) 1*1,5.2,"ø4.5, 65W AC Adapter, Output: 19V DC, 3.42A, 65W, Input: 100~240V AC 50/60Hz universal",42,32.49*21.39*1.79~1.79,1.4,Backpack,Microsoft Office Home & Student  2024 + Microsoft 365 Basic,2-year Global with 1st year Perfect Warranty,2024,-,Windows 11 Home,,,,,,,,
Asus,"M1407K-ALY061WS
M1407K-ALY065WS
M1407K-ALY063WS",Vivobook 14,Platinum Gold; Quiet Blue,3499,1,AMD Ryzen AI 7 350 Processor,AMD,2,24526,16,DDR5,LCD,1920*1200,14,60,Radeon Graphics,AMD,-,512,M.2 NVMe PCIe 4.0,2x USB 3.2 Gen 1 Type-A (data speed up to 5Gbps); 2x USB 3.2 Gen 1 Type-C with support for display / power delivery (data speed up to 5Gbps); 1x HDMI 1.4; 1x 3.5mm Combo Audio Jack,Wi-Fi 6(802.11ax) (Dual band) 2*2,5.3,"TYPE-C, 65W AC Adapter, Output: 20V DC, 3.25A, 
65W, Input: 100-240V AC 50/60GHz universal",42,31.52*22.34*1.79~1.99,1.46,Backpack,Microsoft Office Home & Student  2024 + Microsoft 365 Basic,2-year Global with 1st year Perfect Warranty,2024,-,Windows 11 Home,,,,,,,,
Asus,"A1405V-ALY909WS
A1405V-ALY910WS",Vivobook 14, Cool Silver; Indie Black,3299,0,Intel® Core i7-13620H Processor,Intel,2.4,23966,16,DDR4,LCD,1920*1200,14,60,Intel UHD,Intel,1503,512,M.2 NVMe PCIe 4.0,1x USB 2.0 Type-A (data speed up to 480Mbps); 1x USB 3.2 Gen 1 Type-C with support for power delivery (data speed up to 5Gbps); 2x USB 3.2 Gen 1 Type-A (data speed up to 5Gbps); 1x HDMI 1.4; 1x 3.5mm Combo Audio Jack; 1x DC-in,Wi-Fi 6E(802.11ax) (Triple band) 1*1,5.3," ø4.5, 65W AC Adapter, Output: 19V DC, 3.42A, 65W, Input: 100~240V AC 50/60Hz universal",42,31.71*22.20*1.99~1.99,1.6,Backpack,Microsoft Office Home & Student  2024 + Microsoft 365 Basic,2-year Global with 1st year Perfect Warranty,2024,-,Windows 11 Home,,,,,,,,
Asus,A1404V-AEB688WS,Vivobook 14,Terra Cotta,3299,0,Intel® Core i7-1355U Processor,Intel,1.7,14204,16,DDR4,LCD,1920*1200,14,60,Iris X Graphics,Intel,2630,512,M.2 NVMe PCIe 4.0,1x USB 2.0 Type-A (data speed up to 480Mbps); 1x USB 3.2 Gen 1 Type-C (data speed up to 5Gbps); 2x USB 3.2 Gen 1 Type-A (data speed up to 5Gbps); 1x HDMI 1.4; 1x 3.5mm Combo Audio Jack; 1x DC-in,Wi-Fi 6E(802.11ax) (Triple band) 2*2,5.3,"ø4.5, 45W AC Adapter, Output: 19V DC, 2.37A, 45W, Input: 100~240V AC 50/60Hz universal",42,32.49*21.39*1.79~1.79,1.4,Backpack,Microsoft Office Home & Student  2024 + Microsoft 365 Basic,2-year Global with 1st year Perfect Warranty,2024,-,Windows 11 Home,,,,,,,,
Asus,"A1404V-APB007WMS
A1404V-APB008WMS",Vivobook 14,Quiet Blue; Terra Cotta,2949,0,Intel® Core 5 Processor 120U,Intel,1.4,16613,16,DDR4,LCD,1920*1200,14,60,Intel Graphics,Intel,3172,512,M.2 NVMe PCIe 4.0,1x USB 2.0 Type-A (data speed up to 480Mbps); 1x USB 3.2 Gen 1 Type-C (data speed up to 5Gbps); 2x USB 3.2 Gen 1 Type-A (data speed up to 5Gbps); 1x HDMI 1.4; 1x 3.5mm Combo Audio Jack; 1x DC-in,Wi-Fi 6(802.11ax) (Dual band) 1*1,5.2," ø4.5, 45W AC Adapter, Output: 19V DC, 2.37A, 45W, Input: 100~240V AC 50/60Hz universal",42,32.49*21.39*1.79~1.79,1.4,Backpack,Microsoft Office Home & Student  2024 + Microsoft 365 Basic,2-year Global with 1st year Perfect Warranty,2024,-,Windows 11 Home,,,,,,,,
Asus,"A1405V-ALY409WS
A1405V-ALY410WS",Vivobook 14, Indie Black; Cool Silver,2599,0,Intel® Core i5-13420H Processor,Intel,2.1,17363,16,DDR4,LCD,1920*1200,14,60,Intel UHD,Intel,1503,512,M.2 NVMe PCIe 4.0,1x USB 2.0 Type-A (data speed up to 480Mbps); 1x USB 3.2 Gen 1 Type-C with support for power delivery (data speed up to 5Gbps); 2x USB 3.2 Gen 1 Type-A (data speed up to 5Gbps); 1x HDMI 1.4; 1x 3.5mm Combo Audio Jack; 1x DC-in,Wi-Fi 6E(802.11ax) (Triple band) 1*1 ,5.3," ø4.5, 65W AC Adapter, Output: 19V DC, 3.42A, 65W, Input: 100~240V AC 50/60Hz universal",42,31.71*22.20*1.99~1.99,1.65,Backpack,Microsoft Office Home & Student  2024 + Microsoft 365 Basic,2-year Global with 1st year Perfect Warranty,2024,-,Windows 11 Home,,,,,,,,
Asus,"A1405Z-ALY235WMS
A1405Z-ALY236WMS",Vivobook 14,Transparent Sliver; Indie Black,2499,0,Intel® Core i5-12500H Processor,Intel,2.5,20548,16,DDR4,LCD,1920*1200,14,60,Iris X Graphics,Intel,2630,512,M.2 NVMe PCIe 3.0,1x USB 2.0 Type-A (data speed up to 480Mbps); 1x USB 3.2 Gen 1 Type-C (data speed up to 5Gbps); 2x USB 3.2 Gen 1 Type-A (data speed up to 5Gbps); 1x HDMI 1.4; 1x Headphone out; 1x DC-in,Wi-Fi 6E(802.11ax) (Triple band) 2*2,5.3," ø4.5, 65W AC Adapter, Output: 19V DC, 3.42A, 65W, Input: 100~240V AC 50/60Hz universal",42,31.71*22.20*1.99~1.99,1.6,Backpack,Microsoft Office Home & Student  2024 + Microsoft 365 Basic,2-year Global with 1st year Perfect Warranty,2024,-,Windows 11 Home,,,,,,,,
Asus,"E1504F-ABQ469WMS
E1504F-ABQ470WMS
E1504F-ABQ471WMS",Vivobook Go 15,Cool Silver; Green Gray;  Mixed Black,2299,0,AMD Ryzen 5 7520U Processor,AMD,2.8,9063,16,LPDDR5,LCD,1920*1080,15.6,60,Radeon Graphics,AMD,-,512,M.2 NVMe PCIe 3.0,1x USB 2.0 Type-A (data speed up to 480Mbps); 1x USB 3.2 Gen 1 Type-A (data speed up to 5Gbps); 1x USB 3.2 Gen 1 Type-C (data speed up to 5Gbps); 1x HDMI 1.4; 1x 3.5mm Combo Audio Jack; 1x DC-in,Wi-Fi 6E(802.11ax) (Triple band) 2*2,5.3,"ø4.5, 45W AC Adapter, Output: 19V DC, 2.37A, 45W, Input: 100~240V AC 50/60Hz universal",42,36.03*23.25*1.79~1.79,1.63,Backpack,Microsoft Office Home & Student  2024 + Microsoft 365 Basic,2-year Global with 1st year Perfect Warranty,2025,-,Windows 11 Home,,,,,,,,
Asus,"E1504G-ANJ325WMS
E1504G-ANJ327WMS",Vivobook Go 15, Mixed Black; Green Gray,2099,0,Intel® Core i3-N305 Processor,Intel,1.8,9588,8,DDR4,LCD,1920*1080,15.6,60,Intel UHD,Intel,1503,512,M.2 NVMe PCIe 3.0,1x USB 2.0 Type-A (data speed up to 480Mbps); 1x USB 3.2 Gen 1 Type-A (data speed up to 5Gbps); 1x USB 3.2 Gen 1 Type-C (data speed up to 5Gbps); 1x HDMI 1.4; 1x 3.5mm Combo Audio Jack; 1x DC-in,Wi-Fi 6E(802.11ax) (Triple band) 2*2,5.3," ø4.5, 45W AC Adapter, Output: 19V DC, 2.37A, 45W, Input: 100~240V AC 50/60Hz universal",42,36.03*23.25*1.79~1.79,1.63,Backpack,Microsoft Office Home & Student  2024 + Microsoft 365 Basic,2-year Global with 1st year Perfect Warranty,2025,-,Windows 11 Home,,,,,,,,
Asus,"E1504F-ANJ870WMS
E1504F-ANJ871WMS
E1504F-ANJ872WMS",Vivobook Go 15,Cool Silver; Green Gray; Mixed Black,1899,0,AMD Ryzen 3 7320U Processor,AMD,2.4,8656,5,LPDDR5,LCD,1920*1080,15.6,60,Radeon Graphics,AMD,-,512,M.2 NVMe PCIe 3.0,1x USB 2.0 Type-A (data speed up to 480Mbps); 1x USB 3.2 Gen 1 Type-A (data speed up to 5Gbps); 1x USB 3.2 Gen 1 Type-C (data speed up to 5Gbps); 1x HDMI 1.4; 1x 3.5mm Combo Audio Jack; 1x DC-in,Wi-Fi 6E(802.11ax) (Triple band) 2*2,5.3,"ø4.5, 45W AC Adapter, Output: 19V DC, 2.37A, 45W, Input: 100~240V AC 50/60Hz universal",42,36.03*23.25*1.79~1.79,1.63,Backpack,Microsoft Office Home & Student  2024 + Microsoft 365 Basic,2-year Global with 1st year Perfect Warranty,2025,-,Windows 11 Home,,,,,,,,
Asus,"E1404F-AEB470WMS
E1404F-AEB888WMS",Vivobook Go 14,Green Gray; Mixed Black,2299,0,AMD Ryzen 5 7520U Processor,AMD,2.8,9063,16,LPDDR5,LCD,1920*1080,14,60,Radeon Graphics,AMD,-,512,M.2 NVMe PCIe 3.0,1x USB 2.0 Type-A (data speed up to 480Mbps); 1x USB 3.2 Gen 1 Type-A (data speed up to 5Gbps); 1x USB 3.2 Gen 1 Type-C (data speed up to 5Gbps); 1x HDMI 1.4; 1x 3.5mm Combo Audio Jack; 1x DC-in,Wi-Fi 6E(802.11ax) (Triple band) 2*2,5.3,"ø4.5, 45W AC Adapter, Output: 19V DC, 2.37A, 45W, Input: 100~240V AC 50/60Hz universal",42,32.55*21.39*1.79~1.79,1.38,Backpack,Microsoft Office Home & Student  2024 + Microsoft 365 Basic,2-year Global with 1st year Perfect Warranty,2025,-,Windows 11 Home,,,,,,,,
Asus,E1404G-ANK325WMS,Vivobook Go 14,Mixed Black,2099,0,Intel® Core i3-N305 Processor,Intel,1.8,9588,8,DDR4,LCD,1920*1080,14,60,Intel UHD,Intel,1503,512,M.2 NVMe PCIe 3.0,1x USB 2.0 Type-A (data speed up to 480Mbps); 1x USB 3.2 Gen 1 Type-A (data speed up to 5Gbps); 1x USB 3.2 Gen 1 Type-C (data speed up to 5Gbps); 1x HDMI 1.4; 1x 3.5mm Combo Audio Jack; 1x DC-in,Wi-Fi 6E(802.11ax) (Triple band) 2*2,5.3,"ø4.5, 45W AC Adapter, Output: 19V DC, 2.37A, 45W, Input: 100~240V AC 50/60Hz universal",42,32.55*21.39*1.79~1.79,1.38,Backpack,Microsoft Office Home & Student  2024 + Microsoft 365 Basic,2-year Global with 1st year Perfect Warranty,2025,-,Windows 11 Home,,,,,,,,
Asus,"E1404F-AEB872WMS
E1404F-AEB870WMS",Vivobook Go 14,Green Gray; Mixed Black,1899,0,AMD Ryzen 3 7320U Processor,AMD,2.4,8656,8,LPDDR5,LCD,1920*1080,14,60,Radeon Graphics,AMD,-,512,M.2 NVMe PCIe 3.0,1x USB 2.0 Type-A (data speed up to 480Mbps); 1x USB 3.2 Gen 1 Type-A (data speed up to 5Gbps); 1x USB 3.2 Gen 1 Type-C (data speed up to 5Gbps); 1x HDMI 1.4; 1x 3.5mm Combo Audio Jack; 1x DC-in,Wi-Fi 6E(802.11ax) (Triple band) 2*2,5.3,"ø4.5, 45W AC Adapter, Output: 19V DC, 2.37A, 45W, Input: 100~240V AC 50/60Hz universal",42,32.55*21.39*1.79~1.79,1.38,Backpack,Microsoft Office Home & Student  2024 + Microsoft 365 Basic,2-year Global with 1st year Perfect Warranty,2025,-,Windows 11 Home,,,,,,,,
Asus,"E510K-AEJ731WMS
E510K-AEJ732WMS
E510K-AEJ733WMS",Vivobook Go 15,Star Black; Rose Pink; Black,1699,0,Intel® Celeron® N4500 Processor,Intel,1.1,1814,8,DDR4,LCD,1920*1080,14,60,Intel UHD,Intel,1503,512,M.2 NVMe PCIe 3.0,1x USB 2.0 Type-A (data speed up to 480Mbps); 1x USB 3.2 Gen 1 Type-A (data speed up to 5Gbps); 1x USB 3.2 Gen 1 Type-C (data speed up to 5Gbps); 1x HDMI 1.4; 1x 3.5mm Combo Audio Jack; 1x DC-in,Wi-Fi 5(802.11ac) (Dual band) 1*1,5.1,"ø4.0, 33W AC Adapter, Output: 19V DC, 1.75A, 33W, Input: 100-240V AC 50/60Hz universal",42,36.02*23.64*1.81~1.81,1.57,Carry Bag,Microsoft Office Home & Student  2024 + Microsoft 365 Basic,2-year Global with 1st year Perfect Warranty,2025,-,Windows 11 Home,,,,,,,,
Asus,"E410K-AEK733WMS
E410K-AEK732WMS
E410K-AEK731WMS",Vivobook Go 14,Rose Pink; Black; Blue,1699,0,Intel® Celeron® N4500 Processor,Intel,1.1,1814,8,DDR4,LCD,1920*1080,14,60,Intel UHD,Intel,1503,512,M.2 NVMe PCIe 3.0, 1x USB 2.0 Type-A (data speed up to 480Mbps); 1x USB 3.2 Gen 1 Type-A (data speed up to 5Gbps); 1x USB 3.2 Gen 1 Type-C (data speed up to 5Gbps); 1x HDMI 1.4; 1x 3.5mm Combo Audio Jack,Wi-Fi 5(802.11ac) (Dual band) 2*2,5.1,"ø4.0, 33W AC Adapter, Output: 19V DC, 1.75A, 33W, Input: 100-240V AC 50/60Hz universal",42,32.50*21.70*1.80~1.84,1.3,Carry Bag,Microsoft Office Home & Student  2024 + Microsoft 365 Basic,2-year Global with 1st year Perfect Warranty,2025,-,Windows 11 Home,,,,,,,,
Asus,FA401WV,TUF Gaming A14, Jaeger Gray,6899,1,Ryzen™ AI 9 HX 370 Processor,AMD,2,35224,8*2,LPDDR5X,LCD,2560 *1600,14,165,GeForce RTX™ 4060 Laptop GPU,NVIDIA,17439,1000,M.2 NVMe PCIe 4.0,1x 3.5mm Combo Audio Jack; 1x HDMI 2.1 FRL; 2x USB 3.2 Gen 2 Type-A (data speed up to 10Gbps); 1x USB 3.2 Gen 2 Type-C with support for DisplayPort™ (data speed up to 10Gbps); 1x Type-C USB 4 with support for DisplayPort™ / power delivery (data speed up to 40Gbps); 1x card reader (microSD) (UHS-II),Wi-Fi 6E(802.11ax) (Triple band) 2*2,5.3,"Rectangle Conn, 200W AC Adapter, Output: 20V DC, 10A, 200W, Input: 100-240V AC, 50/60Hz universal",73,31.1*22.7 *1.69 ~1.99,1.46,TUF backpack,Microsoft Office Home & Student  2024 + Microsoft 365 Basic,2-year Global with 1st year Perfect Warranty,2024,2x M.2 PCIe,Windows 11 Home,,,,,,,,
Asus,FA608WV,TUF Gaming A16, Jaeger Gray,6999,1,Ryzen™ AI 9 HX 370 Processor,AMD,2,35224,8*2,LPDDR5X,LCD,2560 *1600,16,165,GeForce RTX™ 4060 Laptop GPU,NVIDIA,17439,1000,M.2 NVMe PCIe 4.0,1x 3.5mm Combo Audio Jack; 1x HDMI 2.1 FRL; 2x USB 3.2 Gen 2 Type-A (data speed up to 10Gbps); 1x USB 3.2 Gen 2 Type-C with support for DisplayPort™ (data speed up to 10Gbps); 1x Type-C USB 4 with support for DisplayPort™ / power delivery (data speed up to 40Gbps); 1x card reader (microSD) (UHS-II),Wi-Fi 6E(802.11ax) (Triple band) 2*2,5.3,"
Rectangle Conn, 240W AC Adapter, Output: 20V DC, 12A, 240W, Input: 100~240C AC 50/60Hz universal",90,35.4*26.9*1.79 ~ 2.57,2.2,TUF backpack,Microsoft Office Home & Student  2024 + Microsoft 365 Basic,2-year Global with 1st year Perfect Warranty,2024,2x M.2 PCIe,Windows 11 Home,,,,,,,,
Asus,FX607JV,TUF Gaming F16 ,Mecha Gray,3599,0,Intel® Core™ i7-13650HX Processor,Intel,2.6,30608,16,DDR5,LCD,1920*1200,16,144,GeForce RTX™ 4060 Laptop GPU,NVIDIA,17439,1000,M.2 NVMe PCIe 4.0,1x 3.5mm Combo Audio Jack; 1x HDMI 2.1 FRL; 2x USB 3.2 Gen 1 Type-A (data speed up to 5Gbps); 1x USB 3.2 Gen 2 Type-C with support for DisplayPort™ / power delivery / G-SYNC (data speed up to 10Gbps); 1x Thunderbolt™ 4 with support for DisplayPort™ (data speed up to 40Gbps); 1x RJ45 LAN port,Wi-Fi 6(802.11ax) (Dual band) 2*2,5.2,"ø6.0, 240W AC Adapter, Output: 20V DC, 12A, 240W, Input: 100~240C AC 50/60Hz universal",90,35.5*25.2*2.21 ~ 2.82,2.27,TUF backpack,Microsoft Office Home & Student  2024 + Microsoft 365 Basic,2-year Global with 1st year Perfect Warranty,2024,2x DDR5 SO-DIMM slots; 2x M.2 PCIe,Windows 11 Home,,,,,,,,
Asus,FX607VU,TUF Gaming F16 ,Mecha Gray,5199,0,Intel® Core™ i7-13620H Processor,Intel,2.4,23966,16,DDR5,LCD,1920*1200,16,144,GeForce RTX™ 4050 Laptop GPU,NVIDIA,14388,1000,M.2 NVMe PCIe 4.0,1x 3.5mm Combo Audio Jack; 1x HDMI 2.1 FRL; 2x USB 3.2 Gen 1 Type-A (data speed up to 5Gbps); 1x USB 3.2 Gen 2 Type-C with support for DisplayPort™ / power delivery / G-SYNC (data speed up to 10Gbps); 1x Thunderbolt™ 4 with support for DisplayPort™ (data speed up to 40Gbps); 1x RJ45 LAN port,Wi-Fi 6(802.11ax) (Dual band) 2*2,5.3,"ø6.0, 240W AC Adapter, Output: 20V DC, 12A, 240W, Input: 100~240C AC 50/60Hz universal",56,35.5*25.2*2.21 ~ 2.67,2.2,TUF backpack,Microsoft Office Home & Student  2024 + Microsoft 365 Basic,2-year Global with 1st year Perfect Warranty,2024,2x DDR5 SO-DIMM slots; 2x M.2 PCIe,Windows 11 Home,,,,,,,,
Asus,FX607VU,TUF Gaming F16 ,Mecha Gray,4599,0,Intel® Core™ 5 Processor 210H,Intel,2.2,18904,16,DDR5,LCD,1920*1200,16,144,GeForce RTX™ 4050 Laptop GPU,NVIDIA,14388,512,M.2 NVMe PCIe 4.0,1x 3.5mm Combo Audio Jack; 1x HDMI 2.1 FRL; 2x USB 3.2 Gen 1 Type-A (data speed up to 5Gbps); 1x USB 3.2 Gen 2 Type-C with support for DisplayPort™ / power delivery / G-SYNC (data speed up to 10Gbps); 1x Thunderbolt™ 4 with support for DisplayPort™ (data speed up to 40Gbps); 1x RJ45 LAN port,Wi-Fi 6(802.11ax) (Dual band) 2*2,5.3,"ø6.0, 240W AC Adapter, Output: 20V DC, 12A, 240W, Input: 100~240C AC 50/60Hz universal",56,35.5*25.2*2.21 ~ 2.67,2.2,TUF backpack,Microsoft Office Home & Student  2024 + Microsoft 365 Basic,2-year Global with 1st year Perfect Warranty,2024,2x DDR5 SO-DIMM slots; 2x M.2 PCIe,Windows 11 Home,,,,,,,,
Asus,FX607VJ,TUF Gaming F16 ,Mecha Gray,3599,0,Intel® Core™ 5 Processor 210H,Intel,2.2,18904,16,DDR5,LCD,1920*1200,16,144,GeForce RTX™ 3050 Laptop GPU,NVIDIA,12144,512,M.2 NVMe PCIe 4.0,1x 3.5mm Combo Audio Jack; 1x HDMI 2.1 FRL; 2x USB 3.2 Gen 1 Type-A (data speed up to 5Gbps); 1x USB 3.2 Gen 2 Type-C with support for DisplayPort™ / power delivery (data speed up to 10Gbps); 1x RJ45 LAN port,Wi-Fi 6(802.11ax) (Dual band) 2*2,5.3,"ø6.0, 150W AC Adapter, Output: 20V DC, 7.5A, 150W, Input: 100~240V AC, 50/60Hz universal",56,35.5*25.2*2.21 ~ 2.67,2.2,TUF backpack,Microsoft Office Home & Student  2024 + Microsoft 365 Basic,2-year Global with 1st year Perfect Warranty,2024,2x DDR4 SO-DIMM slots; 2x M.2 PCIe,Windows 11 Home,,,,,,,,
Asus,FA507U-IHQ113W,TUF Gaming A15,Mecha Gray,5999,0,Ryzen™ 9 8945H,AMD,4,30283,16,DDR5,LCD,2560*1440,15.6,165,GeForce RTX™ 4070 Laptop GPU,NVIDIA,19568,1000,M.2 NVMe PCIe 4.0,1x 3.5mm Combo Audio Jack; 1x HDMI 2.1 FRL; 2x USB 3.2 Gen 1 Type-A (data speed up to 5Gbps); 1x USB 3.2 Gen 2 Type-C with support for DisplayPort™ / power delivery / G-SYNC (data speed up to 10Gbps); 1x Type-C USB 4 with support for DisplayPort™ (data speed up to 40Gbps); 1x RJ45 LAN port,Wi-Fi 6(802.11ax) (Dual band) 2*2,5.3,"ø6.0, 240W AC Adapter, Output: 20V DC, 12A, 240W, Input: 100~240C AC 50/60Hz universal",90,35.4*25.1*2.24 ~ 2.49,2.2,TUF backpack,Microsoft Office Home & Student  2024 + Microsoft 365 Basic,2-year Global with 1st year Perfect Warranty,2024,2x DDR5 SO-DIMM slots; 2x M.2 PCIe,Windows 11 Home,,,,,,,,
HP,16-ab1027TU,Pavilion Plus 16,Natural Silver,5299,1,Intel® Core™ Ultra 5-125H Processor,Intel,3.3,20835,16,LPDDR5x,LCD,2560*1600,16,60,Intel® Arc™ Graphics,Intel,5506,1000,PCIe® NVMe™ M.2,"1 Thunderbolt™ 4 with USB Type-C® 40Gbps signaling rate (USB Power Delivery, DisplayPort™ 1.4, HP Sleep and Charge); 1 USB Type-C® 10Gbps signaling rate (USB Power Delivery, DisplayPort™ 1.4, HP Sleep and Charge); 1 USB Type-A 10Gbps signaling rate; 1 USB Type-A 5Gbps signaling rate; 1 AC smart pin; 1 HDMI-out 2.1; 1 headphone/microphone combo",Intel® Wi-Fi 6E AX211 (2x2) ,5.3,90 W AC power adapter,68,35.7*25.35*1.77,1.89,HP 15.6 Value Backpack,Microsoft Office Home & Student  2024 + Microsoft 365 Basic,"2-year onsite warranty2 + 2 Years Accidental Damage
Protection^",2024,-,Windows 11 Home,,,,,,,,
HP,16-ab1025TU,Pavilion Plus 16,Natural Silver,5799,1,Intel® Core™ Ultra 7-155H Processor,Intel,1.4,24823,32,LPDDR5x,LCD,2560*1600,16,60,Intel® Arc™ Graphics,Intel,5506,1000,PCIe® NVMe™ M.2,"1 Thunderbolt™ 4 with USB Type-C® 40Gbps signaling rate (USB Power Delivery, DisplayPort™ 1.4, HP Sleep and Charge); 1 USB Type-C® 10Gbps signaling rate (USB Power Delivery, DisplayPort™ 1.4, HP Sleep and Charge); 1 USB Type-A 10Gbps signaling rate; 1 USB Type-A 5Gbps signaling rate; 1 AC smart pin; 1 HDMI-out 2.1; 1 headphone/microphone combo",Intel® Wi-Fi 6E AX211 (2x2),5.3,90 W AC power adapter,68,35.7*25.35*1.77,1.89,HP 15.6 Value Backpack,Microsoft Office Home & Student  2024 + Microsoft 365 Basic,"2-year onsite warranty2 + 2 Years Accidental Damage
Protection^",2024,-,Windows 11 Home,,,,,,,,
HP,"14-ew1115TU
14-ew1116TU
14-ew1117TU",Pavilion Plus 14,Moonlight Blue; Tranquil Pink; Natural Silver,4299,1,Intel® Core™ Ultra 5-125H Processor,Intel,3.3,20835,16,LPDDR5x,LCD,1920*1200,14,60,Intel® Arc™ Graphics,Intel,5506,512,PCIe® NVMe™ M.2,"1 USB Type-A 10Gbps signaling rate; 1 USB Type-A 5Gbps signaling rate; 1 HDMI-out 2.1; 1 headphone/microphone combo; 1 USB Type-C® 10Gbps signaling rate (USB Power Delivery, DisplayPort™ 2.1, HP Sleep and Charge); 1 Thunderbolt™ 4 with USB Type-C® 40Gbps signaling rate (USB Power Delivery, DisplayPort™ 2.1, HP Sleep and Charge)",Intel® Wi-Fi 6E AX211 (2x2),5.3,100 W USB Type-C® power adapter,68,31.4*22.7*1.75,1.44,HP 15.6 Value Backpack,Microsoft Office Home & Student  2024 + Microsoft 365 Basic,"2-year onsite warranty2 + 2 Years Accidental Damage
Protection^",2024,-,Windows 11 Home,,,,,,,,
HP,"14-ew1013TU
14-ew1014TU
14-ew1015TU",Pavilion Plus 14,Moonlight Blue; Tranquil Pink; Natural Silver,4299,1,Intel® Core™ Ultra 5-125H Processor,Intel,3.3,20835,16,LPDDR5x,OLED,2880*1800,14,120,Intel® Arc™ Graphics,Intel,5506,512,PCIe® NVMe™ M.2,"1 USB Type-A 10Gbps signaling rate; 1 USB Type-A 5Gbps signaling rate; 1 HDMI-out 2.1; 1 headphone/microphone combo; 1 USB Type-C® 10Gbps signaling rate (USB Power Delivery, DisplayPort™ 2.1, HP Sleep and Charge); 1 Thunderbolt™ 4 with USB Type-C® 40Gbps signaling rate (USB Power Delivery, DisplayPort™ 2.1, HP Sleep and Charge)",Intel® Wi-Fi 6E AX211 (2x2),5.3,100 W USB Type-C® power adapter,68,31.4*22.7*1.75,1.44,HP 15.6 Value Backpack,Microsoft Office Home & Student  2024 + Microsoft 365 Basic,"2-year onsite warranty2 + 2 Years Accidental Damage
Protection^",2024,-,Windows 11 Home,,,,,,,,
HP,"14-ew1010TU
14-ew1011TU
14-ew1012TU",Pavilion Plus 14,Moonlight Blue; Tranquil Pink; Natural Silver,5199,1,Intel® Core™ Ultra 7-155H Processor,Intel,1.4,24823,32,LPDDR5x,OLED,2880*1800,14,120,Intel® Arc™ Graphics,Intel,5506,512,PCIe® NVMe™ M.2,"1 USB Type-A 10Gbps signaling rate; 1 USB Type-A 5Gbps signaling rate; 1 HDMI-out 2.1; 1 headphone/microphone combo; 1 USB Type-C® 10Gbps signaling rate (USB Power Delivery, DisplayPort™ 2.1, HP Sleep and Charge); 1 Thunderbolt™ 4 with USB Type-C® 40Gbps signaling rate (USB Power Delivery, DisplayPort™ 2.1, HP Sleep and Charge)",Intel® Wi-Fi 6E AX211 (2x2),5.3,"100 W USB Type-C® power adapter, Supports battery fast charge: approximately 50% in 30 minutes",68,31.4*22.7*1.75,1.44,HP 15.6 Value Backpack,Microsoft Office Home & Student  2024 + Microsoft 365 Basic,"2-year onsite warranty2 + 2 Years Accidental Damage
Protection^",2024,-,Windows 11 Home,,,,,,,,
HP,"14-ew1118TU
14-ew1119TU
14-ew1120TU",Pavilion Plus 14,Moonlight Blue; Tranquil Pink; Natural Silver,5299,1,Intel® Core™ Ultra 7-155H Processor,Intel,1.4,24823,32,LPDDR5x,OLED,2880*1800,14,120,Intel® Arc™ Graphics,Intel,5506,1000,PCIe® NVMe™ M.2,"1 USB Type-A 10Gbps signaling rate; 1 USB Type-A 5Gbps signaling rate; 1 HDMI-out 2.1; 1 headphone/microphone combo; 1 USB Type-C® 10Gbps signaling rate (USB Power Delivery, DisplayPort™ 2.1, HP Sleep and Charge); 1 Thunderbolt™ 4 with USB Type-C® 40Gbps signaling rate (USB Power Delivery, DisplayPort™ 2.1, HP Sleep and Charge)",Intel® Wi-Fi 6E AX211 (2x2),5.3,"100 W USB Type-C® power adapter, Supports battery fast charge: approximately 50% in 30 minutes",68,31.4*22.7*1.75,1.44,HP 15.6 Value Backpack,Microsoft Office Home & Student  2024 + Microsoft 365 Basic,"2-year onsite warranty2 + 2 Years Accidental Damage
Protection^",2024,-,Windows 11 Home,,,,,,,,
HP,"14-ek1038TU
14-ek1039TU",Pavilion x360 14,Space Blue; Natural Silver,3999,1,Intel® Core™ i5-1335U Processor,Intel,1.3,14180,16,DDR4,LCD,1920*1080,14,60,Intel® Arc™ Graphics,Intel,5506,512,PCIe® NVMe™ M.2,"1x USB Type-C® 10Gbps signaling rate (USB Power Delivery, DisplayPort™ 1.4, HP Sleep and Charge); 2x USB Type-A 5Gbps signaling rate; 1x HDMI 2.1; 1x AC smart pin; 1x headphone/microphone combo; 1x microSD media card reader
",Realtek Wi-Fi 6 (2x2),5.3,65 W Smart AC power adapter,43,31.4*22.7*1.75,1.44,HP 15.6 Value Backpack,Microsoft Office Home & Student  2024 + Microsoft 365 Basic,"2-year onsite warranty2 + 2 Years Accidental Damage
Protection^",2023,-,Windows 11 Home,,,,,,,,
HP,16-wf1051TX,OMEN Gaming Laptop 16,Shadow Black,7399,0,Intel® Core™ i7-14700HX Processor,Intel,2.1,37258,16,DDR5,LCD,2560*1440,16,240,GeForce RTX™ 4060,NVIDIA,17439,1000,PCIe® NVMe™ M.2,"1 USB Type-A 5Gbps signaling rate; 1 USB Type-A 5Gbps signaling rate (HP Sleep and Charge); 2 Thunderbolt™ 4 with USB Type-C® 40Gbps signaling rate (USB Power Delivery, DisplayPort™ 1.4, HP Sleep and Charge); 1 HDMI 2.1; 1 RJ-45; 1 AC smart pin; 1 headphone/microphone combo",Intel® Wi-Fi 7 BE200 (2x2) ,5.4,280 W Smart AC power adapter,83,36.9*25.94*2.35,2.39,HP Backpack,Microsoft Office Home & Student  2024 + Microsoft 365 Basic,"2-year onsite warranty2 + 2 Years Accidental Damage
Protection^",2025,2 x M.2 PCIe,Windows 11 Home,,,,,,,,
HP,"14-fb0045TX
14-fb0046TX",OMEN Gaming Laptop 14,Ceramic White; Shadow Black,7999,1,Intel® Core™ Ultra 7-155H Processor,Intel,1.4,24823,16,LPDDR5X,LCD,2880*1800,14,120,GeForce RTX™ 4060,NVIDIA,17439,512,PCIe® NVMe™ M.2,"1 USB Type-A 10Gbps signaling rate (HP Sleep and Charge); 1 USB Type-A 10Gbps signaling rate; 1 HDMI 2.1; 1 headphone/microphone combo; 1 Thunderbolt™ 4 with USB Type-C® 40Gbps signaling rate (USB Power Delivery, DisplayPort™ 2.1, HP Sleep and Charge); 1 USB Type-C® 10Gbps signaling rate (USB Power Delivery, DisplayPort™ 1.4a, HP Sleep and Charge)",Intel® Wi-Fi 6E AX211 (2x2),5.3,280 W Smart AC power adapter,71,31.30*23.35*1.69,1.63,HP Backpack,Microsoft Office Home & Student  2024 + Microsoft 365 Basic,"2-year onsite warranty2 + 2 Years Accidental Damage
Protection^",2024,-,Windows 11 Home,,,,,,,,
HP,"14-fb0039TX
14-fb0042TX",OMEN Gaming Laptop 14,Ceramic White; Shadow Black,9999,1,Intel® Core™ Ultra 9-185H Processor,Intel,2.3,29357,32,LPDDR5X,LCD,2880*1800,14,120,GeForce RTX™ 4070,NVIDIA,19568,1000,PCIe® NVMe™ M.2,"1x Thunderbolt™ 4 with USB Type-C® 40Gbps signaling rate (USB Power Delivery, DisplayPort™ 1.4, HP Sleep and Charge); 1x USB Type-C® 10Gbps signaling rate (USB Power Delivery, DisplayPort™ 1.4, HP Sleep and Charge); 1x USB Type-A 10Gbps signaling rate (HP Sleep and Charge); 1x USB Type-A 10Gbps signaling rate; 1x HDMI 2.1; 1x headphone/microphone combo",Intel® Wi-Fi 7 BE200 (2x2),5.4,140 W USB Type-C® power adapter,71,31.30*23.35*1.69,1.63,HP Backpack,Microsoft Office Home & Student  2024 + Microsoft 365 Basic,"2-year onsite warranty2 + 2 Years Accidental Damage
Protection^",2024,-,Windows 11 Home,,,,,,,,
HP,"16-s1084AX
16-s1085AX",Victus 16 Gaming,Mica Sliver; Performance Blue,3699,0,AMD Ryzen™ 5 8645HS Processor,AMD,4.3,22384,16,DDR5,LCD,1920*1080,16.1,144,GeForce RTX™ 4050,NVIDIA,14388,512,PCIe® NVMe™ M.2,"1x USB Type-A 5Gbps signaling rate (HP Sleep and Charge); 1x USB Type-C® 5Gbps signaling rate (USB Power Delivery, DisplayPort™ 1.4a, HP Sleep and Charge); 2x USB Type-A 5Gbps signaling rate; 1x HDMI 2.1 ; 1x RJ-45; 1x AC smart pin; 1x headphone/microphone combo",MediaTek Wi-Fi 6E MT7922 (2x2) ,5.3,230 W Smart AC power adapter,70,36.9*25.94*2.29,4,HP Backpack,Microsoft Office Home & Student  2024 + Microsoft 365 Basic,"2-year onsite warranty2 + 2 Years Accidental Damage
Protection^",2024,-,Windows 11 Home,,,,,,,,
HP,16-r0042TX,Victus 16 Gaming,Mica Sliver,3999,0,Intel® Core™ i5-13500HX Processor,Intel,2.5,27726,16,DDR5,LCD,1920*1080,16.1,144,GeForce RTX™ 4050,NVIDIA,14388,512,PCIe® NVMe™ M.2,"1 USB Type-A 5Gbps signaling rate (HP Sleep and Charge); 1 USB Type-C® 5Gbps signaling rate (USB Power Delivery, DisplayPort™ 1.4a, HP Sleep and Charge); 2 USB Type-A 5Gbps signaling rate; 1 HDMI 2.1; 1 RJ-45; 1 AC smart pin; 1 headphone/microphone combo",MediaTek Wi-Fi 6 MT7921 (2x2),5.3,230 W Smart AC power adapter,70,36.9*25.94*2.29,2.31,HP Backpack,Microsoft Office Home & Student  2024 + Microsoft 365 Basic,"2-year onsite warranty2 + 2 Years Accidental Damage
Protection^",2024,-,Windows 11 Home,,,,,,,,
HP,16-r1280TX,Victus 16 Gaming,Mica Sliver,4499,0,Intel® Core™ i5-14450HX Processor,Intel,2.4,23969,16,DDR5,LCD,1920*1080,16.1,165,GeForce RTX™ 4060,NVIDIA,17439,512,PCIe® NVMe™ M.2,"1x USB-C® 5Gbps (USB PD, DP 1.4, Sleep & Charge); 3x USB-A 5Gbps (1x Sleep & Charge); 1x HDMI 2.1; 1x RJ-45; 1x Headphone/microphone combo; 1x AC Smart Pin",Realtek Wi-Fi 6 (2x2),5.3,230W Smart AC power adapter,70,36.9*25.94*2.29,2.33,HP Backpack,Microsoft Office Home & Student  2024 + Microsoft 365 Basic,"2-year onsite warranty2 + 2 Years Accidental Damage
Protection^",2024,-,Windows 11 Home,,,,,,,,
HP,16-r0392TX,Victus 16 Gaming,Mica Sliver,4499,0,Intel® Core™ i5-13500HX Processor,Intel,2.5,27726,16,DDR5,LCD,1920*1080,16.1,165,GeForce RTX™ 4060,NVIDIA,17439,512,PCIe® NVMe™ M.2,"1x USB Type-A 5Gbps signaling rate (HP Sleep and Charge); 1x USB Type-C® 5Gbps signaling rate (USB Power Delivery, DisplayPort™ 1.4, HP Sleep and Charge; 2x USB Type-A 5Gbps signaling rate; 1x HDMI 2.1; 1 RJ-45; 1x AC smart pin; 1x headphone/microphone combo",MediaTek Wi-Fi 6 MT7921 (2x2),5.3,230W Smart AC power adapter,70,36.9*25.94*2.29,2.31,HP Backpack,Microsoft Office Home & Student  2024 + Microsoft 365 Basic,"2-year onsite warranty2 + 2 Years Accidental Damage
Protection^",2024,-,Windows 11 Home,,,,,,,,
HP,16-r0326TX,Victus 16 Gaming,Mica Sliver,4999,0,Intel® Core™ i7-13700HX Processor,Intel,2.1,32447,16,DDR5,LCD,1920*1080,16.1,165,GeForce RTX™ 4060,NVIDIA,17439,512,PCIe® NVMe™ M.2,"1xUSB Type-A 5Gbps signaling rate (HP Sleep and Charge); 1xUSB Type-C® 5Gbps signaling rate (USB Power Delivery, DisplayPort™ 1.4, HP Sleep and Charge); 2xUSB Type-A 5Gbps signaling rate; 1xHDMI 2.1; 1xRJ-45; 1xAC smart pin; 1xheadphone/microphone combo",MediaTek Wi-Fi 6 MT7921 (2x2),5.3,230W Smart AC power adapter,70,36.9*25.94*2.29,2.31,HP Backpack,Microsoft Office Home & Student  2024 + Microsoft 365 Basic,"2-year onsite warranty2 + 2 Years Accidental Damage
Protection^",2024,-,Windows 11 Home,,,,,,,,
HP,15-fb3720AX,Victus 15 Gaming,Mica Sliver,3399,0,AMD Ryzen™ 5 8645HS Processor,AMD,4.3,22384,16,DDR5,LCD,1920*1080,15.6,144,GeForce RTX™ 3050,NVIDIA,12144,512,PCIe® NVMe™ M.2,"1 USB Type-A 5Gbps signaling rate (HP Sleep and Charge); 1 USB Type-C® 5Gbps signaling rate (USB Power Delivery, DisplayPort™ 1.4a, HP Sleep and Charge); 1 USB Type-A 5Gbps signaling rate; 1 HDMI 2.1; 1 RJ-45; 1 AC smart pin; 1 headphone/microphone",Realtek Wi-Fi 6 (2x2) ,5.4,120 W AC power adapter,70,35.79*25.5*2.35,2.29,HP Backpack,Microsoft Office Home & Student  2024 + Microsoft 365 Basic,"2-year onsite warranty2 + 2 Years Accidental Damage
Protection^",2024,-,Windows 11 Home,,,,,,,,
HP,15-fa2725TX,Victus 15 Gaming,Mica Sliver,3499,0,Intel® Core™ i5-13420H Processor,Intel,2.1,17363,16,DDR4,LCD,1920*1080,15.6,144,GeForce RTX™ 3050,NVIDIA,12144,512,PCIe® NVMe™ M.2,"1 USB Type-A 5Gbps signaling rate (HP Sleep and Charge); 1 USB Type-A 5Gbps signaling rate; 1 AC smart pin; 1 HDMI 2.1; 1 headphone/microphone combo; 1 RJ-45; 1 USB Type-C® 5Gbps signaling rate (DisplayPort™ 1.4a, HP Sleep and Charge)",Realtek Wi-Fi 6 (2x2),5.4,120 W AC power adapter,52.5,35.79*25.5*2.35,2.29,HP Backpack,Microsoft Office Home & Student  2024 + Microsoft 365 Basic,"2-year onsite warranty2 + 2 Years Accidental Damage
Protection^",2024,-,Windows 11 Home,,,,,,,,
HP,"15-fa1231TX
15-fa1232TX",Victus 15 Gaming,Performance Blue; Mica Sliver,3599,0,Intel® Core™ i5-12450H Processor,Intel,2,16193,8,DDR4,LCD,1920*1080,15.6,144,GeForce RTX™ 4050,NVIDIA,14388,512,PCIe® NVMe™ M.2,"1 USB Type-A 5Gbps signaling rate; 1 USB Type-A 5Gbps signaling rate (HP Sleep and Charge); 1 USB Type-C® 5Gbps signaling rate (DisplayPort™ 1.4, HP Sleep and Charge); 1 HDMI 2.1; 1 RJ-45; 1 AC smart pin; 1 headphone/microphone combo",MediaTek Wi-Fi 6 MT7921 (2x2),5.3,200 W AC power adapter,70,35.79*25.5*2.35,2.29,HP Backpack,Microsoft Office Home & Student  2024 + Microsoft 365 Basic,"2-year onsite warranty2 + 2 Years Accidental Damage
Protection^",2024,-,Windows 11 Home,,,,,,,,
HP,15-fb3721AX,Victus 15 Gaming,Mica Sliver,3699,0,AMD Ryzen™ 5 8645HS Processor,AMD,4.3,22384,16,DDR5,LCD,1920*1080,15.6,144,GeForce RTX™ 4050,NVIDIA,14388,512,PCIe® NVMe™ M.2,"1 USB Type-C® 5Gbps signaling rate (DisplayPort™ 1.4, HP Sleep and Charge); 
 1 USB Type-A 5Gbps signaling rate (HP Sleep and Charge);  1 USB Type-A 5Gbps signaling rate;  1 AC smart pin;  1 HDMI 2.1;  1 headphone/microphone combo;  1 RJ-45",Realtek Wi-Fi 6 (2x2) ,5.4,120 W AC power adapter,70,35.79*25.5*2.35,2.99,HP Backpack,Microsoft Office Home & Student  2024 + Microsoft 365 Basic,"2-year onsite warranty2 + 2 Years Accidental Damage
Protection^",2024,-,Windows 11 Home,,,,,,,,
HP,15-fa2726TX,Victus 15 Gaming,Mica Silver,3799,0,Intel® Core™ i5-13420H Processor,Intel,2.1,17363,16,DDR4,LCD,1920*1080,15.6,144,GeForce RTX™ 4050,NVIDIA,14388,512,PCIe® NVMe™ M.2,"1 USB Type-A 5Gbps signaling rate; 1 USB Type-A 5Gbps signaling rate (HP Sleep and Charge); 1 USB Type-C® 5Gbps signaling rate (DisplayPort™ 1.4, HP Sleep and Charge); 1 HDMI 2.1; 1 RJ-45; 1 AC smart pin; 1 headphone/microphone combo",MediaTek Wi-Fi 6 MT7921 (2x2) ,5.3,120 W AC power adapter,52.5,35.79*25.5*2.35,2.29,HP Backpack,Microsoft Office Home & Student  2024 + Microsoft 365 Basic,"2-year onsite warranty2 + 2 Years Accidental Damage
Protection^",2024,-,Windows 11 Home,,,,,,,,
HP,15-fa2132TX,Victus 15 Gaming,Mica Silver,4999,0,Intel® Core™ i7-13620H Processor,Intel,2.4,23966,16,DDR4,LCD,1920*1080,15.6,144,GeForce RTX™ 4060,NVIDIA,17439,512,PCIe® NVMe™ M.2,"2x USB Type-A 5Gbps (1 with HP Sleep and Charge); 1x USB Type-C® 5Gbps (DisplayPort™ 1.4a, HP Sleep and Charge); 1x HDMI 2.1; 1x AC smart pin; 1x RJ-45; 1x Headphone/microphone combo",Realtek Wi-Fi 6 (2x2),5.4,120 W AC power adapter,70,35.79*25.5*2.35,2.29,HP Backpack,Microsoft Office Home & Student  2024 + Microsoft 365 Basic,"2-year onsite warranty2 + 2 Years Accidental Damage
Protection^",2024,-,Windows 11 Home,,,,,,,,
HP,14-hc0014TU,HP Laptop AI PC 14,Natural Silver,2999,1,Intel® Core™ Ultra 5  225U Processor,Intel,1.5,18458,16,DDR5,LCD,1920*1080,14,60,Intel Graphics,Intel,3172,512,PCIe® NVMe™ M.2,"2 USB Type-A 5Gbps signaling rate; 1 AC smart pin; 1 HDMI 1.4b; 1 USB Type-C® 10Gbps signaling rate (USB Power Delivery, DisplayPort™ 1.4b, HP Sleep and Charge); 1 X 3.5mm audio Jack",Realtek Wi-Fi 6 (2x2),5.4,-,45,32.37*21.5*1.79,1.4,HP Backpack,Microsoft Office Home & Student  2024 + Microsoft 365 Basic,"2-year onsite warranty2 + 2 Years Accidental Damage
Protection^",2024,-,Windows 11 Home,,,,,,,,
HP,"14-em0090AU
14-em0091AU
14-em0092AU",HP Laptop 14,Diamond White; Warm Gold; Natural Silver,1799,1,AMD Ryzen™ 3 7320U Processor,AMD,2.4,8656,8,LPDDR5,LCD,1920*1080,14,60,Radeon Graphics,AMD,-,512,PCIe® NVMe™ M.2,1 USB Type-C® 5Gbps signaling rate (supports data transfer only and does not support charging or external monitors); 2 USB Type-A 5Gbps signaling rate; 1 AC smart pin; 1 HDMI 1.4b; 1 headphone/microphone combo,MediaTek Wi-Fi 6E MT7922 (2x2),5.3,45 W AC power adapter,41,32.37*21.5 *1.79,1.4,HP Backpack,Microsoft Office Home & Student  2024 + Microsoft 365 Basic,"2-year onsite warranty2 + 2 Years Accidental Damage
Protection^",2024,-,Windows 11 Home,,,,,,,,
HP,14-ep1143TU,HP Laptop 14,Natural Silver,2399,1,Intel® Core™ 5 120U Processor,Intel,1.4,16613,16,DDR4,LCD,1920*1080,14,60,Intel Graphics,Intel,3172,512,PCIe® NVMe™ M.2,"2 USB Type-A 5Gbps signaling rate; 1 AC smart pin; 1 HDMI 1.4b; 1 headphone/microphone combo; 1 USB Type-C® 10Gbps signaling rate (USB Power Delivery, DisplayPort™ 1.4b, HP Sleep and Charge)",Realtek Wi-Fi 6 (2x2) ,5.4,45 W AC power adapter,41,32.37*21.5 *1.79,1.4,HP Backpack,Microsoft Office Home & Student  2024 + Microsoft 365 Basic,"2-year onsite warranty2 + 2 Years Accidental Damage
Protection^",2024,-,Windows 11 Home,,,,,,,,
HP,"14-em0215AU
14-em0216AU",HP Laptop 14,Warm Gold; Natural Silver,1749,0,AMD Ryzen™ 3 7320U Processor,AMD,2.4,8656,8,LPDDR5,LCD,1920*1080,14,60,Radeon Graphics,AMD,-,512,PCIe® NVMe™ M.2,"1x USB Type-C® 5Gbps signaling rate (supports data transfer only and does not support charging or external monitors);  2x USB Type-A 5Gbps signaling rate; 
1x AC smart pin;  1x HDMI 1.4b;  1x headphone/microphone combo",Realtek Wi-Fi 6 (2x2),5.4,45 W AC power adapter,41,32.37*21.5 *1.79,1.4,HP Backpack,Microsoft Office Home & Student  2024 + Microsoft 365 Basic,"2-year onsite warranty2 + 2 Years Accidental Damage
Protection^",2024,-,Windows 11 Home,,,,,,,,
HP,"15-fc0584AU
15-fc0585AU
15-fc0586AU
15-fc0587AU",HP Laptop 15,Moonlight Blue; Warm Gold;  Diamond White; Natural Silver,1799,1,AMD Ryzen™ 3 7320U Processor,AMD,2.4,8656,8,DDR4,LCD,1920*1080,15.6,60,Radeon Graphics,AMD,-,512,PCIe® NVMe™ M.2,1 USB Type-C® 5Gbps signaling rate (supports data transfer only and does not support charging or external monitors); 2 USB Type-A 5Gbps signaling rate; 1 AC smart pin; 1 HDMI 1.4b; 1 headphone/microphone combo,MediaTek Wi-Fi 6E MT7922 (2x2),5.3,45 W AC power adapter,41,35.98*23.6*1.86,1.59,HP Backpack,Microsoft Office Home & Student  2024 + Microsoft 365 Basic,"2-year onsite warranty2 + 2 Years Accidental Damage
Protection^",2024,-,Windows 11 Home,,,,,,,,
HP,"15s-eq2195AU
15s-eq2196AU
15s-eq2197AU",HP Laptop 15,Spruce Blue; Pale Gold;  Natural silver,1799,0,AMD Ryzen™ 3 5300U Processor,AMD,2.6,9515,8,DDR4,LCD,1920*1080,15.6,60,Radeon Graphics,AMD,-,512,PCIe® NVMe™ M.2,1 SuperSpeed USB Type-C® 5Gbps signaling rate; 2 SuperSpeed USB Type-A 5Gbps signaling rate; 1 HDMI 1.4b; 1 AC smart pin; 1 headphone/microphone combo,Realtek RTL8822CE 802.11a/b/g/n/ac (2x2),5,45 W AC power adapter,41,35.85*24.2*1.79,2.21,HP Backpack,Microsoft Office Home & Student  2024 + Microsoft 365 Basic,"2-year onsite warranty2 + 2 Years Accidental Damage
Protection^",2023,-,Windows 11 Home,,,,,,,,
HP,"15-fc0422AU
15-fc0423AU
15-fc0424AU",HP Laptop 15,Moonlight Blue; Warm Gold; Natural Silver,1999,0,AMD Ryzen™ 5 7430U Processor,AMD,2.3,16330,16,DDR4,LCD,1920*1080,15.6,60,Radeon Graphics,AMD,-,512,PCIe® NVMe™ M.2,1x USB Type-C® 5Gbps signaling rate (supports data transfer only and does not support charging or external monitors); 2x USB Type-A 5Gbps signaling rate; 1x AC smart pin; 1x HDMI 1.4b; 1x headphone/microphone combo,Realtek Wi-Fi 6 (2x2),5.3,45 W AC power adapter,41,35.98*23.6*1.86,1.59,HP Backpack,Microsoft Office Home & Student  2024 + Microsoft 365 Basic,"2-year onsite warranty2 + 2 Years Accidental Damage
Protection^",2024,-,Windows 11 Home,,,,,,,,
HP,"15-fc0373AU
15-fc0374AU
15-fc0375AU",HP Laptop 15,Moonlight Blue; Warm Gold; Natural Silver,1999,0,AMD Ryzen™ 5 7430U Processor,AMD,2.3,16330,16,DDR4,LCD,1920*1080,15.6,60,Radeon Graphics,AMD,-,512,PCIe® NVMe™ M.2,1 USB Type-C® 5Gbps signaling rate; 2 USB Type-A 5Gbps signaling rate; 1 HDMI 1.4b; 1 AC smart pin; 1 headphone/microphone combo,Realtek Wi-Fi 6 (2x2),5.3,45 W AC power adapter,41,35.98*23.6*1.86,1.59,HP Backpack,Microsoft Office Home & Student  2024 + Microsoft 365 Basic,"2-year onsite warranty2 + 2 Years Accidental Damage
Protection^",2024,-,Windows 11 Home,,,,,,,,
HP,"15-fd0386TU
15-fd0387TU
15-fd0388TU",HP Laptop 15,Warm Gold; Moonlight Blue; Natural Silver,2099,0,Intel® Core™ i5 1334U  Processor,Intel,1.3,13350,8,DDR4,LCD,1920*1080,15.6,60,Intel UHD,Intel,1503,512,PCIe® NVMe™ M.2,1 USB Type-C® 5Gbps signaling rate; 2 USB Type-A 5Gbps signaling rate; 1 HDMI 1.4b; 1 AC smart pin; 1 headphone/microphone combo,Realtek Wi-Fi 6 (2x2),5.3,45 W AC power adapter,41,35.98*23.6*1.86,1.59,HP Backpack,Microsoft Office Home & Student  2024 + Microsoft 365 Basic,"2-year onsite warranty2 + 2 Years Accidental Damage
Protection^",2024,-,Windows 11 Home,,,,,,,,
HP,"15-fc0445AU
15-fc0444AU
15-fc0447AU
15-fc0446AU",HP Laptop 15,Warm Gold; Moonlight Blue; Natural Silver; Diamond White,2299,1,AMD Ryzen™ 7 5825U Processor,AMD,2,18043,12,DDR4,LCD,1920*1080,15.6,60,Radeon Graphics,AMD,-,512,PCIe® NVMe™ M.2,1 USB Type-C® 5Gbps signaling rate (supports data transfer only and does not support charging or external monitors); 2 USB Type-A 5Gbps signaling rate; 1 AC smart pin; 1 HDMI 1.4b; 1 headphone/microphone combo,Realtek Wi-Fi 6 (2x2),5.4,45 W AC power adapter,41,35.98*23.6*1.86,1.59,HP Backpack,Microsoft Office Home & Student  2024 + Microsoft 365 Basic,"2-year onsite warranty2 + 2 Years Accidental Damage
Protection^",2024,-,Windows 11 Home,,,,,,,,
HP,15-fc0380AU,HP Laptop 15,Moonlight Blue,2599,0,AMD Ryzen™ 7 7730U Processor,AMD,2,17906,12,DDR4,LCD,1920*1080,15.6,60,Radeon Graphics,AMD,-,512,PCIe® NVMe™ M.2,1 USB Type-C® 5Gbps signaling rate; 2 USB Type-A 5Gbps signaling rate; 1 HDMI 1.4b; 1 AC smart pin; 1 headphone/microphone combo,Realtek Wi-Fi 6 (2x2),5.3,45 W AC power adapter,41,35.98*23.6*1.86,1.59,HP Backpack,Microsoft Office Home & Student  2024 + Microsoft 365 Basic,"2-year onsite warranty2 + 2 Years Accidental Damage
Protection^",2024,-,Windows 11 Home,,,,,,,,
HP,"15-fr0013TU
15-fr0014TU
15-fr0015TU",HP Laptop 15,Warm Gold; Moonlight Blue; Natural Silver;,2999,0,Intel® Core™ i7 13620H Processor,Intel,2.4,23966,16,DDR4,LCD,1920*1080,15.6,60,Intel UHD,Intel,1503,512,PCIe® NVMe™ M.2,"2 USB Type-A 5Gbps signaling rate; 1 AC smart pin; 1 HDMI 1.4b; 1 headphone/microphone combo; 1 USB Type-C® 10Gbps signaling rate (USB Power Delivery, DisplayPort™ 1.4b, HP Sleep and Charge)",Realtek Wi-Fi 6 (2x2),5.3,90 W AC power adapter,41,35.98*23.6*1.86,1.65,HP Backpack,Microsoft Office Home & Student  2024 + Microsoft 365 Basic,"2-year onsite warranty2 + 2 Years Accidental Damage
Protection^",2024,-,Windows 11 Home,,,,,,,,
HP,"15-fd2054TU
15-fd2055TU
15-fd2056TU",HP Laptop 15,Warm Gold; Moonlight Blue; Natural Silver;,2999,1,Intel® Core™ Ultra 5 Processor 225U,Intel,1.5,18458,16,DDR5,LCD,1920*1080,15.6,60,Intel Graphics,Intel,3172,512,PCIe® NVMe™ M.2,"2 USB Type-A 5Gbps signaling rate; 1 AC smart pin; 1 HDMI 1.4b; 1 headphone/microphone combo; 1 USB Type-C® 10Gbps signaling rate (USB Power Delivery, DisplayPort™ 1.4b, HP Sleep and Charge)",Realtek Wi-Fi 6 (2x2),5.3,45 W AC power adapter,41,35.98*23.6*1.86,1.65,HP Backpack,Microsoft Office Home & Student  2024 + Microsoft 365 Basic,"2-year onsite warranty2 + 2 Years Accidental Damage
Protection^",2024,-,Windows 11 Home,,,,,,,,
HP,"15-fd1101TU
15-fd1102TU
15-fd1104TU",HP Laptop 15,Warm Gold; Moonlight Blue; Natural Silver;,2999,0,Intel® Core™ Ultra 5 125H Processor ,Intel,3.3,20835,16,DDR5,LCD,1920*1080,15.6,60,Intel Arc,Intel,5506,512,PCIe® NVMe™ M.2,"2x USB Type-A 5Gbps signaling rate;  1x AC smart pin; 1x HDMI 1.4b; 1x headphone/microphone combo; 1x USB Type-C® 10Gbps signaling rate (USB Power Delivery, DisplayPort™ 1.2, HP Sleep and Charge)
",Realtek Wi-Fi 6 (2x2),5.3,45 W AC power adapter,41,35.98*23.6*1.86,2.29,HP Backpack,Microsoft Office Home & Student  2024 + Microsoft 365 Basic,"2-year onsite warranty2 + 2 Years Accidental Damage
Protection^",2024,-,Windows 11 Home,,,,,,,,
HP,"15-fd1230TU
15-fd1231TU
15-fd1232TU
15-fd1233TU",HP Laptop 15,Warm Gold; Moonlight Blue; Diamond White; Natural Silver; ,3299,1,Intel® Core™ Ultra 5 125H Processor ,Intel,3.3,20835,16,DDR5,LCD,1920*1080,15.6,60,Intel Arc,Intel,5506,512,PCIe® NVMe™ M.2,"2 USB Type-A 5Gbps signaling rate; 1 AC smart pin; 1 HDMI 1.4b; 1 headphone/microphone combo; 1 USB Type-C® 10Gbps signaling rate (USB Power Delivery, DisplayPort™ 1.2, HP Sleep and Charge)",Realtek Wi-Fi 6 (2x2),5.3,65 W AC power adapter,41,35.98*23.6*1.86,1.65,HP Backpack,Microsoft Office Home & Student  2024 + Microsoft 365 Basic,"2-year onsite warranty2 + 2 Years Accidental Damage
Protection^",2024,-,Windows 11 Home,,,,,,,,
